date,time,close,open,high,low,volume,symbol
2019-10-16,15:59,28.251,29.253,28.46,29.38,9746,AAL
2019-10-16,15:59,11.085,11.356,10.927,11.347,111,AAOI
2019-10-16,15:59,49.138,47.954,47.804,47.218,27,AAON
2019-10-16,15:59,244.38,240.37,244.9,235.84,8943,AAPL
2019-10-16,15:59,22.99,22.8,22.45,22.72,310,AAWW
2019-10-16,15:58,70.35,71,70.22,70.88,207,AAXJ
2019-10-16,15:59,52.95,52.31,52.32,52.37,708,AAXN
2019-10-16,15:59,42.49,41.14,41.99,41.34,418,ABCB
2019-10-16,15:59,2.489,2.45,2.54,2.51,402,ABEO
2019-10-16,15:59,179.661,179.418,184.074,183.327,194,ABMD
2019-10-16,15:59,35.88,34.84,36.1,35.12,417,ABTX
2019-10-16,15:58,0.94,0.94,0.95,0.94,101,ABUS
2019-10-16,15:59,40.65,41.59,41.08,40.37,432,ACAD
2019-10-16,15:59,17.17,17.22,17.89,17.73,103,ACBI
2019-10-16,15:59,43.31,42.04,43.048,42.56,587,ACGL
2019-10-16,15:59,30.82,31.74,31.36,31.17,406,ACHC
2019-10-16,15:59,6.357,6.48,6.57,6.248,8498,ACHN
2019-10-16,15:59,65.65,66.81,66.348,66.48,427,ACIA
2019-10-16,15:59,31.766,32.569,31.629,32.849,318,ACIW
2019-10-16,15:59,18.97,18.656,18.84,18.756,943,ACLS
2019-10-16,15:57,12.92,13.45,12.85,13.23,102,ACMR
2019-10-16,15:59,2.559,2.63,2.642,2.613,1681,ACOR
2019-10-16,15:58,1.612,1.605,1.608,1.584,2,ACRS
2019-10-16,15:59,2.2,2.278,2.227,2.21,210,ACRX
2019-10-16,15:55,2.205,2.21,2.175,2.191,312,ACST
2019-10-16,15:59,74.821,75.847,77.401,78.091,88,ACWI
2019-10-16,15:59,272.94,280.17,273.16,279.185,3376,ADBE
2019-10-16,15:59,111.01,115.275,112.379,115.33,1781,ADI
2019-10-16,15:57,4.35,4.442,4.367,4.466,309,ADMA
2019-10-16,15:57,0.5942,0.5882,0.5905,0.5747,103,ADMP
2019-10-16,15:59,4.138,4.183,4.158,4.049,445,ADMS
2019-10-16,15:59,171.1,170.93,171.94,171.27,2474,ADP
2019-10-16,15:58,30.39,31.3,30.19,30.26,105,ADPT
2019-10-16,15:57,1.05,1.071,1.058,1.06,201,ADRO
2019-10-16,15:59,147.12,147.66,151.45,151.28,4198,ADSK
2019-10-16,15:58,9.854,9.76,9.977,9.776,181,ADTN
2019-10-16,15:59,85.64,87.52,85.07,87.34,107,ADUS
2019-10-16,15:59,6.937,7.19,7.12,6.969,1237,ADVM
2019-10-16,15:59,22,22.121,21.817,21.4,417,AEGN
2019-10-16,15:59,54.875,54.454,55.014,54.56,156,AEIS
2019-10-16,15:59,5,5,5,5,101,AEMD
2019-10-16,15:59,21.61,20.844,20.83,20.748,1719,AERI
2019-10-16,15:56,4.49,4.68,4.54,4.67,105,AESE
2019-10-16,15:59,14.33,14.46,14.64,14.56,142,AFIN
2019-10-16,15:59,3.143,3.1,3.16,3.058,820,AFMD
2019-10-16,15:59,26,26.491,26.54,26.52,456,AFYA
2019-10-16,15:59,2.641,2.679,2.62,2.691,105,AGEN
2019-10-16,15:59,2.422,2.391,2.407,2.408,624,AGFS
2019-10-16,15:59,34.4,34.25,34,34.69,571,AGIO
2019-10-16,15:59,16.774,16.4,16.285,16.253,5406,AGNC
2019-10-16,15:55,1.268,1.24,1.242,1.276,100,AGRX
2019-10-16,15:59,27.124,26.223,26.316,26.056,133,AGYS
2019-10-16,15:59,28.742,27.751,27.946,27.867,279,AIMC
2019-10-16,15:59,25.49,26.69,25.9,25.553,1511,AIMT
2019-10-16,15:59,15.9,16.065,15.9,15.985,533,AINV
2019-10-16,15:59,92.85,95.21,92.79,91.72,736,AKAM
2019-10-16,15:59,4.37,4.49,4.42,4.53,102,AKBA
2019-10-16,15:59,19.74,19.79,20.4,20.51,103,AKCA
2019-10-16,15:59,4.225,4.256,4.28,4.28,445,AKRX
2019-10-16,15:59,7.7,7.918,7.7,7.881,403,AKTS
2019-10-16,15:59,19.791,19.436,19.179,19.562,149,ALDR
2019-10-16,15:59,15.341,15.562,15.157,15.413,182,ALEC
2019-10-16,15:59,219.6,219.77,214.561,221.2,243,ALGN
2019-10-16,15:56,151.56,155.98,153.89,153.93,13,ALGT
2019-10-16,15:59,18.5,18.472,18.816,19.1,756,ALKS
2019-10-16,15:59,73.77,73.1,74.3,73.38,764,ALLK
2019-10-16,15:59,26.99,26.53,26.79,26.85,101,ALLO
2019-10-16,15:55,4.96,4.94,5,4.82,506,ALNA
2019-10-16,15:59,84.939,82.893,85.635,84.63,1075,ALNY
2019-10-16,15:58,15.95,16.35,15.78,16.09,102,ALOT
2019-10-16,15:59,47.22,48.49,47.91,48.53,542,ALRM
2019-10-16,15:59,0.4606,0.463,0.4506,0.464,628,ALRN
2019-10-16,15:59,1.72,1.69,1.7,1.71,42,ALSK
2019-10-16,15:59,2.29,2.35,2.31,2.3,735,ALTM
2019-10-16,15:59,34.9,36.29,35,35.29,385,ALTR
2019-10-16,15:59,101.83,103.41,101.35,102.42,913,ALXN
2019-10-16,15:59,11.502,11.74,11.562,11.6,731,AMAG
2019-10-16,15:59,52.849,53.126,53.66,52.709,10223,AMAT
2019-10-16,15:59,55.31,54.36,55.4,54.09,202,AMBA
2019-10-16,15:59,20.511,20.644,20.479,19.818,460,AMBC
2019-10-16,15:58,49.1,49.1,48.78,49.3,107,AMCX
2019-10-16,15:59,31.86,31.639,32.09,31.5,2379,AMD
2019-10-16,15:59,136.76,134.54,132.97,133.891,543,AMED
2019-10-16,15:59,205.39,207.832,213.38,208.1,2974,AMGN
2019-10-16,15:59,10.149,9.939,10.252,10.121,1282,AMKR
2019-10-16,15:58,20.964,20.695,20.856,21.694,22,AMPH
2019-10-16,15:55,0.1436,0.1435,0.1489,0.1478,413,AMRH
2019-10-16,15:59,16.447,16.319,16.142,16.418,1205,AMRN
2019-10-16,15:59,3.47,3.62,3.56,3.51,102,AMRS
2019-10-16,15:58,65.09,64.78,65.25,66.37,249,AMSF
2019-10-16,15:59,16.541,16.447,16.24,16.223,170,AMSWA
2019-10-16,15:59,36.46,38,36.07,37,887,AMTD
2019-10-16,15:59,99.53,99.09,97.62,99.23,101,AMWD
2019-10-16,15:59,1849.3,1863.869,1800.18,1847.764,3157,AMZN
2019-10-16,15:59,36.36,36.85,36.74,36.3,693,ANAB
2019-10-16,15:59,118.3,120.7,117.31,117.46,2,ANAT
2019-10-16,15:58,2.128,2.193,2.178,2.127,84,ANCN
2019-10-16,15:59,18.95,18.835,18.714,19,246,ANDE
2019-10-16,15:59,7.131,6.907,6.94,7.02,2367,ANGI
2019-10-16,15:59,15.06,15.099,15.436,15.404,566,ANGO
2019-10-16,15:58,58.4,59.69,58.1,59.03,101,ANIK
2019-10-16,15:59,72.78,72.98,73.02,73.92,40,ANIP
2019-10-16,15:59,222.71,222.23,224.34,227.8,116,ANSS
2019-10-16,15:59,6.761,7.04,6.821,6.961,532,AOBC
2019-10-16,15:59,12.5,13,12.8,12.5,106,AOSL
2019-10-16,15:59,22.677,22.46,22.217,22.67,643,APEI
2019-10-16,15:59,28.678,28.93,28.92,28.968,418,APLS
2019-10-16,15:55,37.45,38.79,38.34,37.96,270,APOG
2019-10-16,15:59,94.34,95.019,93.939,96.16,255,APPF
2019-10-16,15:59,45.462,45.92,45.8,46.68,264,APPN
2019-10-16,15:59,6.585,6.581,6.648,6.54,406,APPS
2019-10-16,15:58,6.86,6.65,6.58,6.61,801,APYX
2019-10-16,15:59,1.843,1.872,1.839,1.878,104,AQMS
2019-10-16,15:59,2.721,2.723,2.676,2.641,305,ARAY
2019-10-16,15:59,31.23,30.75,31.83,30.45,259,ARCB
2019-10-16,15:59,19.159,19.106,18.536,18.76,6100,ARCC
2019-10-16,15:59,47,48.4,46.9,48.2,104,ARCE
2019-10-16,15:57,10.971,10.97,11.269,10.927,102,ARCT
2019-10-16,15:59,4.444,4.498,4.459,4.498,202,ARDX
2019-10-16,15:59,120.06,118.55,120.41,116.24,437,ARGX
2019-10-16,15:59,13.77,13.98,14.02,14.24,104,ARLP
2019-10-16,15:59,51.44,50.66,49.99,51.53,104,ARNA
2019-10-16,15:59,33.92,33.15,33.34,33.47,15,AROW
2019-10-16,15:59,9.012,9.139,8.994,9.383,1200,ARQL
2019-10-16,15:59,16.34,16.35,16.91,16.54,119,ARVN
2019-10-16,15:59,35.92,35.54,34.96,35.86,520,ARWR
2019-10-16,15:59,13,12.89,13,13,7318,ASMB
2019-10-16,15:59,259.9,259.81,255.32,263.72,2085,ASML
2019-10-16,15:59,101.762,101.91,102.64,106.32,202,ASND
2019-10-16,15:59,22.087,21.927,21.553,22.328,70,ASPS
2019-10-16,15:59,1.055,1.03,1.063,1.05,1740,ASRT
2019-10-16,15:57,31.64,31.753,31.14,30.764,207,ASTE
2019-10-16,15:59,8.56,8.74,8.73,8.456,178,ASUR
2019-10-16,15:59,5.385,5.394,5.5,5.458,103,ATEC
2019-10-16,15:57,39.576,38.753,38.778,39.056,10,ATEX
2019-10-16,15:58,58.22,57.61,58.91,59.55,63,ATNI
2019-10-16,15:59,10.7,10.624,10.52,10.46,308,ATNX
2019-10-16,15:57,1.89,1.82,1.88,1.83,1,ATOS
2019-10-16,15:59,13.31,13.489,13.095,13.25,306,ATRA
2019-10-16,15:59,27.653,27.13,27.68,27.024,251,ATRC
2019-10-16,15:59,31.53,31.6,31.07,30.8,20,ATRO
2019-10-16,15:59,3.442,3.493,3.514,3.551,604,ATRS
2019-10-16,15:59,21.03,20.874,21.17,20.502,263,ATSG
2019-10-16,15:59,56.297,58.27,58.19,55.69,205,ATVI
2019-10-16,15:59,37.632,37.575,38.139,37.629,105,AUB
2019-10-16,15:59,18.373,18.304,18.624,18.938,52,AUDC
2019-10-16,15:59,5.11,5.198,5.13,5.11,202,AUPH
2019-10-16,15:59,11.96,11.838,12.382,11.787,229,AUTL
2019-10-16,15:59,61.66,61.29,61.95,60.28,104,AVAV
2019-10-16,15:59,3.5,3.5,3.7,3.6,102,AVDL
2019-10-16,15:59,292.37,290.23,301.466,302.38,1793,AVGO
2019-10-16,15:55,6.582,6.586,6.406,6.442,103,AVID
2019-10-16,15:59,14.35,14.41,14.527,14.44,393,AVRO
2019-10-16,15:59,43.31,42.88,41.34,41.29,1201,AVT
2019-10-16,15:59,0.3706,0.3575,0.3555,0.3631,184,AXAS
2019-10-16,15:59,17.3,17.46,17.4,18,302,AXDX
2019-10-16,15:59,12.3,12.673,12.7,12.654,744,AXGN
2019-10-16,15:59,20.91,20.451,20.402,20.68,165,AXNX
2019-10-16,15:59,21.76,22.69,22.44,22,310,AXSM
2019-10-16,15:59,3.129,3.186,3.078,3.077,5,AXTI
2019-10-16,15:59,24.991,24.649,24.389,24.966,84,AY
2019-10-16,15:59,122.7,121.788,119.48,118.661,650,AZPN
2019-10-16,15:59,0.66,0.65,0.67,0.65,418,AZRX
2019-10-16,15:59,59.25,57.96,60.38,58.15,960,BAND
2019-10-16,15:59,54.53,56.104,54.54,54.333,127,BANR
2019-10-16,15:58,27.47,28.01,28.7,28.53,101,BATRA
2019-10-16,15:59,28.515,28.25,28.36,28.422,42,BATRK
2019-10-16,15:59,12.891,12.833,12.679,12.478,3482,BBBY
2019-10-16,15:59,18.742,18.137,18.705,18.415,10,BBIO
2019-10-16,15:59,89.26,90.04,88.7,89.34,263,BBSI
2019-10-16,15:59,13.1,12.95,13.46,13.5,68,BCBP
2019-10-16,15:59,20.715,21.422,21.38,21.03,477,BCOR
2019-10-16,15:59,10.53,10.53,10.59,10.47,200,BCOV
2019-10-16,15:57,105,104.23,102.92,104.4,509,BCPC
2019-10-16,15:59,2.527,2.501,2.489,2.489,1826,BCRX
2019-10-16,15:58,5.09,5.222,5.18,5.23,2435,BDSI
2019-10-16,15:59,42.16,40.91,42.12,42.48,437,BEAT
2019-10-16,15:59,33.712,33.04,33.72,33.412,186,BECN
2019-10-16,15:59,12.968,13.022,13.138,12.686,34,BELFB
2019-10-16,15:59,12.292,12.112,12.518,12.303,104,BFIN
2019-10-16,15:59,5.806,5.621,5.785,5.656,3453,BGCP
2019-10-16,15:59,2.59,2.59,2.68,2.56,103,BGFV
2019-10-16,15:59,129.67,127.96,130.71,132.34,120,BGNE
2019-10-16,15:59,39.05,37.64,39.03,38.03,1036,BHF
2019-10-16,15:59,29.3,28.59,28.84,28.9,32,BHFAP
2019-10-16,15:59,112.984,111.24,111.61,110.45,804,BIDU
2019-10-16,15:59,236.04,228.523,231.27,232.89,1029,BIIB
2019-10-16,15:59,14.751,14.66,14.755,14.912,733,BILI
2019-10-16,15:56,4.753,4.79,4.961,4.92,204,BIMI
2019-10-16,15:58,3.5,3.51,3.53,3.58,314,BIOS
2019-10-16,15:59,36.28,35.647,36.38,36.682,7,BJRI
2019-10-16,15:59,4.917,4.817,4.929,4.853,1005,BKCC
2019-10-16,15:59,2122.73,2119.04,2107.9,2052.68,264,BKNG
2019-10-16,15:59,48.71,48.815,48.07,47.891,1828,BL
2019-10-16,15:59,18.881,19.22,19.752,19.268,37,BLBD
2019-10-16,15:59,0.8387,0.8499,0.8497,0.8549,304,BLCM
2019-10-16,15:59,5.297,5.359,5.319,5.366,207,BLDP
2019-10-16,15:59,22.931,22.713,23.145,23.426,3052,BLDR
2019-10-16,15:59,17.14,16.86,16.67,16.77,101,BLFS
2019-10-16,15:59,95.04,94.78,92.3,91.7,102,BLKB
2019-10-16,15:59,18.692,18.269,18.252,18.695,1813,BLMN
2019-10-16,15:59,91.72,93.07,95.787,95.01,345,BLUE
2019-10-16,15:59,27.535,28.61,27.91,27.95,594,BMCH
2019-10-16,15:58,43.14,42.53,41.59,42.51,303,BMRC
2019-10-16,15:59,68.23,69.41,68.66,69.6,700,BMRN
2019-10-16,15:59,35.7,37,37.056,36.1,918,BMTC
2019-10-16,15:59,85.223,84.423,84.836,87.479,838,BND
2019-10-16,15:59,58.66,61.09,59.86,58.89,1909,BNDX
2019-10-16,15:59,23.79,23.451,24.02,24.07,271,BNFT
2019-10-16,15:59,2.753,2.84,2.82,2.62,1571,BNGO
2019-10-16,15:59,79.197,78.7,80.31,79.9,218,BOKF
2019-10-16,15:58,27.81,27.66,28.66,27.73,208,BOLD
2019-10-16,15:58,40.012,40.217,40.073,40.717,103,BOOM
2019-10-16,15:55,20.83,20.3,20.45,20.77,4,BOTZ
2019-10-16,15:59,12.044,11.588,11.766,11.551,1652,BPFH
2019-10-16,15:59,75.5,75,75.2,76.71,104,BPMC
2019-10-16,15:59,56.65,56.41,57.44,55.84,112,BPOP
2019-10-16,15:59,19.329,19.836,19.836,19.179,70,BPR
2019-10-16,15:59,28.98,28.42,29.37,28.6,39,BPRN
2019-10-16,15:59,19.129,19.13,19.148,19.88,815,BPY
2019-10-16,15:59,26.83,26.59,26.92,26.59,100,BPYPP
2019-10-16,15:59,15.443,15.319,15.475,14.888,708,BRKL
2019-10-16,15:59,44.43,43.911,45.247,44.523,1166,BRKR
2019-10-16,15:59,39.331,38.352,38.791,39.055,105,BRKS
2019-10-16,15:59,9.776,9.839,9.768,10.126,104,BRY
2019-10-16,15:59,25.811,25.324,25.126,25.511,42,BUSE
2019-10-16,15:59,12.685,12.681,12.586,12.48,41,BWB
2019-10-16,15:59,1.62,1.663,1.608,1.625,62,BWEN
2019-10-16,15:58,126.57,129.13,130.12,124.118,209,BYND
2019-10-16,15:57,19,18.8,18.4,19.1,203,BYSI
2019-10-16,15:59,45.31,45.484,44.933,45.09,372,BZUN
2019-10-16,15:59,43.652,43.168,43.254,44.711,21,CAC
2019-10-16,15:59,482.16,474.405,475.87,482.06,50,CACC
2019-10-16,15:59,39.5,38.75,39.836,40.3,158,CAKE
2019-10-16,15:59,2.7,2.69,2.6,2.65,2919,CALA
2019-10-16,15:59,41.1,41.18,40.97,39.7,102,CALM
2019-10-16,15:58,11,11.139,11.335,11.351,203,CAMP
2019-10-16,15:59,10.114,10.088,10.114,10.102,167,CAMT
2019-10-16,15:59,29.541,29.39,28.868,29.51,202,CAR
2019-10-16,15:56,20.19,20.05,20.2,19.56,202,CARA
2019-10-16,15:59,16.38,16.072,16.366,15.87,116,CARB
2019-10-16,15:59,31.62,32.37,32.79,31.419,403,CARG
2019-10-16,15:59,35.35,35.24,36.09,36.54,47,CARO
2019-10-16,15:59,6.8,6.9,7.1,6.85,205,CASA
2019-10-16,15:59,35.06,35.985,36.09,36.182,570,CASH
2019-10-16,15:59,53.55,52.75,53.62,54.03,101,CASS
2019-10-16,15:59,168.67,163.62,169.2,166.21,80,CASY
2019-10-16,15:59,33.14,33.56,34,33.79,520,CATM
2019-10-16,15:59,36.2,35.674,36.125,35,348,CATY
2019-10-16,15:59,4.77,4.803,4.682,4.69,2112,CBAY
2019-10-16,15:58,119.78,119.15,119.61,120.26,207,CBPO
2019-10-16,15:59,162.07,161.275,158.64,157.342,507,CBRL
2019-10-16,15:59,62.7,63.588,63.764,62.98,618,CBSH
2019-10-16,15:59,29.29,28.78,29.5,29.77,100,CBTX
2019-10-16,15:59,27.65,27.01,28.19,27.75,41,CCBG
2019-10-16,15:59,20.8,20.77,20.88,21.26,4,CCD
2019-10-16,15:58,144.5,145.4,149.2,147.7,149,CCMP
2019-10-16,15:59,58.33,57.04,57.27,56.92,100,CCOI
2019-10-16,15:59,10.79,10.309,10.549,10.417,544,CCRN
2019-10-16,15:59,8.009,7.687,7.738,7.696,301,CCXI
2019-10-16,15:58,46.069,46.362,46.661,45.883,7,CDC
2019-10-16,15:59,3.539,3.596,3.457,3.596,4235,CDEV
2019-10-16,15:59,49.1,48.03,50.02,48.499,397,CDK
2019-10-16,15:59,40.209,38.92,39.566,39.83,7322,CDLX
2019-10-16,15:59,5.21,5.108,5.07,5,714,CDMO
2019-10-16,15:59,27.02,26.428,26.93,26.109,512,CDNA
2019-10-16,15:59,67.87,67.95,70.02,69.52,733,CDNS
2019-10-16,15:59,124.68,129.47,128.05,126.668,555,CDW
2019-10-16,15:59,3.478,3.472,3.502,3.457,417,CDXC
2019-10-16,15:59,13.835,14.193,13.76,13.624,754,CDXS
2019-10-16,15:59,12.3,11.98,11.85,11.82,13,CDZI
2019-10-16,15:59,6.73,6.97,6.71,6.83,41,CECE
2019-10-16,15:59,15.22,15.414,15.67,15.664,905,CECO
2019-10-16,15:59,106,101.76,102,102.152,1644,CELG
2019-10-16,15:59,3.318,3.296,3.333,3.391,33,CELH
2019-10-16,15:59,5.64,5.61,5.57,5.6,5,CEMI
2019-10-16,15:56,28.514,28.674,29.439,28.73,15,CENT
2019-10-16,15:59,28.16,27.15,27.85,27.94,104,CENTA
2019-10-16,15:59,6.21,6.44,6.195,6.22,829,CENX
2019-10-16,15:59,69.82,70.009,68.287,69.491,915,CERN
2019-10-16,15:59,4.5,4.6,4.41,4.6,301,CERS
2019-10-16,15:59,4.46,4.674,4.563,4.53,302,CETV
2019-10-16,15:58,28.725,28.324,28.47,28.76,102,CEVA
2019-10-16,15:56,12.98,12.48,13,13.03,101,CFB
2019-10-16,15:59,14.37,14.307,14.476,14.051,540,CFFN
2019-10-16,15:57,2.166,2.196,2.146,2.176,28,CFMS
2019-10-16,15:59,26.65,27.38,26.91,27.722,2038,CG
2019-10-16,15:59,14.554,14.507,14.546,14.195,207,CGBD
2019-10-16,15:59,49.9,49.532,49.52,50.16,494,CGNX
2019-10-16,15:59,135.33,134.43,133.35,130.28,104,CHDN
2019-10-16,15:59,37.277,36.516,37.337,37.082,139,CHEF
2019-10-16,15:59,108.57,109.01,111.3,110.24,1008,CHKP
2019-10-16,15:58,5.17,5.134,5.14,5.248,200,CHMA
2019-10-16,15:59,13.5,13.436,13.4,13.238,1720,CHNG
2019-10-16,15:59,18.92,19.085,18.75,18.85,1190,CHRS
2019-10-16,15:59,87.8,86.15,87.68,86.72,1043,CHRW
2019-10-16,15:59,459.5,438.96,451.12,458.42,216,CHTR
2019-10-16,15:59,23.832,24.913,24.051,23.803,167,CHUY
2019-10-16,15:59,74.33,76.053,77.541,74.98,215,CIGI
2019-10-16,15:59,119.92,118.66,118.9,120.53,2130,CINF
2019-10-16,15:59,22.06,22.4,22.1,21.68,579,CIVB
2019-10-16,15:59,2.08,2.11,2.05,2.09,104,CKPT
2019-10-16,15:58,12.705,12.151,12.444,12.386,205,CLAR
2019-10-16,15:59,15.969,16.374,16.052,16.117,31,CLBK
2019-10-16,15:59,29.034,28.335,28.556,28.158,46,CLCT
2019-10-16,15:59,2.4,2.4,2.5,2.5,289,CLDX
2019-10-16,15:59,10.486,10.296,10.528,10.358,100,CLLS
2019-10-16,15:58,3.44,3.556,3.507,3.401,51,CLMT
2019-10-16,15:59,2.31,2.318,2.291,2.3,2,CLNE
2019-10-16,15:59,1.666,1.622,1.61,1.641,199,CLRB
2019-10-16,15:59,3.259,3.309,3.199,3.348,378,CLVS
2019-10-16,15:55,5,4.8,5,4.8,102,CLXT
2019-10-16,15:59,36.7,36.72,36.6,35.29,50,CMCO
2019-10-16,15:59,47.8,45.776,45.7,46.316,10361,CMCSA
2019-10-16,15:59,221.38,216.06,215.64,216.86,869,CME
2019-10-16,15:59,13.35,13.35,13.54,13.48,241,CMLS
2019-10-16,15:59,134.55,137.19,134.53,138.18,17,CMPR
2019-10-16,15:59,1.57,1.57,1.54,1.57,1441,CMRX
2019-10-16,15:59,31.53,32.994,32.4,32.22,583,CMTL
2019-10-16,15:57,0.3787,0.3698,0.3716,0.3726,308,CNAT
2019-10-16,15:59,6.46,6.4,6.64,6.44,468,CNCE
2019-10-16,15:59,95.72,97.55,97.09,96.83,101,CNMD
2019-10-16,15:59,23.15,22.84,23.13,22.59,102,CNOB
2019-10-16,15:59,3.512,3.452,3.418,3.399,2396,CNSL
2019-10-16,15:59,12.61,12.99,13.04,12.53,101,CNST
2019-10-16,15:58,38.95,40.05,39.14,39.03,44,CNXN
2019-10-16,15:59,153.77,153.61,155.355,152.41,537,COHR
2019-10-16,15:59,15.21,15.254,14.937,15.57,200,COHU
2019-10-16,15:59,303.56,296.31,303.03,299.76,1,COKE
2019-10-16,15:59,38,38.02,37.8,38.2,203,COLB
2019-10-16,15:59,12.44,12.284,12.17,12.361,171,COLL
2019-10-16,15:59,11.637,11.958,11.629,11.904,2675,COMM
2019-10-16,15:59,78.92,76.65,79.5,79,1573,CONE
2019-10-16,15:59,27.13,27.35,26.96,26.36,237,CONN
2019-10-16,15:59,11.6,11.5,11.2,11.5,418,COOP
2019-10-16,15:59,29.286,28.57,28.56,28.525,12,CORE
2019-10-16,15:59,14.67,14.652,14.833,14.42,210,CORT
2019-10-16,15:59,1.944,1.973,1.963,1.915,114,CORV
2019-10-16,15:59,305.56,310.05,307.11,300.43,1233,COST
2019-10-16,15:59,141.24,142.73,143.368,144.15,413,COUP
2019-10-16,15:59,14.544,14.67,14.206,14.24,123,COWN
2019-10-16,15:59,12.27,11.89,12.05,12.05,101,CPLP
2019-10-16,15:59,81.42,82.877,82.77,81.531,1161,CPRT
2019-10-16,15:59,5.376,5.243,5.325,5.239,597,CPRX
2019-10-16,15:59,1.06,1.04,1.06,1.03,244,CPSH
2019-10-16,15:59,23.85,23.445,23.39,23.101,66,CPSI
2019-10-16,15:59,3.39,3.42,3.47,3.47,1468,CPSS
2019-10-16,15:59,0.4065,0.4176,0.4209,0.4165,205,CPST
2019-10-16,15:59,4.807,4.867,4.87,4.955,200,CRBP
2019-10-16,15:59,48.59,47.59,49.74,49.26,215,CREE
2019-10-16,15:57,2.8,2.7,2.8,2.7,103,CRNT
2019-10-16,15:59,8.723,8.728,8.487,8.637,1173,CRON
2019-10-16,15:59,32.15,32.01,32.63,32.53,1365,CROX
2019-10-16,15:59,39.44,38.38,37.76,38.97,35,CRSP
2019-10-16,15:59,18.23,18.878,18.97,18.925,365,CRTO
2019-10-16,15:59,57.08,57.02,54.84,57.13,1200,CRUS
2019-10-16,15:59,79.63,80.83,78.52,80.05,101,CRVL
2019-10-16,15:59,52.77,54.28,52.32,54.35,706,CRWD
2019-10-16,15:59,8.098,7.99,7.84,8.001,3398,CRZO
2019-10-16,15:59,47.1,47.823,47.43,49,4950,CSCO
2019-10-16,15:59,24.612,24.332,23.945,24.2,119,CSFL
2019-10-16,15:59,617.817,598.2,614.9,592.572,410,CSGP
2019-10-16,15:59,53.028,51.32,51.171,52.26,680,CSGS
2019-10-16,15:59,46.67,47.928,47.662,46.7,185,CSII
2019-10-16,15:59,18.736,18.639,18.933,18.549,1473,CSIQ
2019-10-16,15:59,54.64,55.424,54.85,55.68,661,CSOD
2019-10-16,15:59,13.271,13.166,13.154,12.745,104,CSQ
2019-10-16,15:59,17.51,17.64,17.85,17.73,168,CSTE
2019-10-16,15:58,20.192,20.71,20.498,19.81,300,CSTL
2019-10-16,15:58,68.327,68.162,66.874,65.889,102,CSWI
2019-10-16,15:59,71.75,70.96,69.08,69.97,3438,CSX
2019-10-16,15:59,269.97,273.44,272.71,269.35,743,CTAS
2019-10-16,15:59,43.2,43.3,44.3,42.6,147,CTBI
2019-10-16,15:59,7.345,7.36,7.26,7.157,370,CTMX
2019-10-16,15:59,23.587,24.129,23.676,23.441,33,CTRE
2019-10-16,15:55,3.44,3.4,3.53,3.52,16,CTRM
2019-10-16,15:57,18.077,18.304,18.902,18.654,104,CTRN
2019-10-16,15:59,32.372,32.34,30.868,31.5,1614,CTRP
2019-10-16,15:59,61.5,63.945,63.4,63.67,200,CTSH
2019-10-16,15:59,103.95,103.605,102.55,102.505,304,CTXS
2019-10-16,15:59,7.57,7.44,7.55,7.57,46,CUE
2019-10-16,15:59,21.32,21.009,21.209,21.68,844,CVBF
2019-10-16,15:59,206,205.69,207.9,209.07,110,CVCO
2019-10-16,15:59,11.24,11.156,10.95,11.28,2983,CVET
2019-10-16,15:59,7.46,7.455,7.37,7.614,916,CVGI
2019-10-16,15:59,98.608,96.89,95.13,98.95,325,CVGW
2019-10-16,15:59,45.788,46.647,47.047,47.253,944,CVLT
2019-10-16,15:59,16.66,16.55,16.51,16.05,81,CVTI
2019-10-16,15:59,16.431,16.414,16.249,16.422,74,CWCO
2019-10-16,15:58,43.77,42.803,42.365,43.452,69,CWST
2019-10-16,15:59,23.48,23.596,24.037,23.37,1309,CY
2019-10-16,15:59,15.23,15.03,15.47,14.99,16,CYBE
2019-10-16,15:58,102.75,106.79,104.68,104.42,602,CYBR
2019-10-16,15:59,10.044,9.84,9.721,10.13,167,CYCN
2019-10-16,15:59,14.5,14.24,14.91,14.55,105,CYRX
2019-10-16,15:59,12.132,11.99,11.79,11.75,1001,CYTK
2019-10-16,15:59,12.38,12.56,12.6,12.466,7069,CZR
2019-10-16,15:59,7.354,7.265,7.388,7.379,102,DAKT
2019-10-16,15:59,8.42,8.41,8.39,8.4,7,DBVT
2019-10-16,15:59,19.386,19.544,19.183,19.329,2402,DBX
2019-10-16,15:59,22.21,22.76,22.3,21.9,288,DCOM
2019-10-16,15:59,34.98,34.67,35.72,34.59,197,DCPH
2019-10-16,15:58,22.266,22.085,22.042,21.842,203,DENN
2019-10-16,15:59,5.48,5.685,5.58,5.697,1459,DERM
2019-10-16,15:59,14.378,14.163,14.313,14.596,24,DGII
2019-10-16,15:59,44.05,44.39,43.73,42.88,101,DIOD
2019-10-16,15:59,27.856,28.84,28.23,28.403,735,DISCA
2019-10-16,15:59,26.077,26.25,26.385,26.42,1850,DISCK
2019-10-16,15:59,35.63,35.307,36.09,35.49,1029,DISH
2019-10-16,15:59,9.642,9.741,9.797,9.684,574,DLTH
2019-10-16,15:59,120.33,118.2,121.8,120.523,3445,DLTR
2019-10-16,15:59,39.34,39.55,39.78,38.79,16,DMRC
2019-10-16,15:55,8.114,8.333,8.246,8.11,210,DMTK
2019-10-16,15:59,0.18,0.18,0.18,0.18,205,DMTKW
2019-10-16,15:59,0.499,0.487,0.492,0.489,793,DNJR
2019-10-16,15:58,78.7,79.7,80.46,80.5,511,DNKN
2019-10-16,15:59,15.02,15.44,15.34,14.79,994,DNLI
2019-10-16,15:59,67.7,68.46,68.63,69.4,2478,DOCU
2019-10-16,15:59,16.38,16.37,16.5,16.403,510,DOMO
2019-10-16,15:57,42,43.07,41.96,41.63,104,DOOO
2019-10-16,15:59,84.61,82.385,85.1,83.538,279,DORM
2019-10-16,15:59,28.746,29.027,28.113,28.356,256,DOVA
2019-10-16,15:58,68.98,67.84,68.93,68.88,850,DOX
2019-10-16,15:59,7.4,7.1,7.2,7.3,525,DOYU
2019-10-16,15:59,15.16,15.548,15.6,15.078,269,DRNA
2019-10-16,15:58,1.968,1.914,1.936,1.928,9,DRRX
2019-10-16,15:57,2.931,2.877,2.915,2.891,103,DSKE
2019-10-16,15:59,14.247,14.689,14.716,14.941,105,DSPG
2019-10-16,15:59,6.7,6.69,6.9,6.74,133,DTIL
2019-10-16,15:59,4.28,4.239,4.249,4.13,1097,DVAX
2019-10-16,15:58,101.34,103.21,101.1,104.78,101,DVY
2019-10-16,15:59,155.3,160.341,156.639,155.5,203,DXCM
2019-10-16,15:59,34.109,33.92,33.58,33.679,514,DXPE
2019-10-16,15:59,7.18,7.36,7.31,7.11,418,DZSI
2019-10-16,15:59,98.229,100.17,99.571,100.577,1732,EA
2019-10-16,15:59,39.305,39,39.787,39.08,1548,EBAY
2019-10-16,15:59,39.55,39.972,39.999,39.98,212,EBIX
2019-10-16,15:59,18.33,18.597,18.74,18.345,106,EBSB
2019-10-16,15:57,29.749,29.348,29.075,29.727,4,EBTC
2019-10-16,15:59,23.44,23.61,23.35,23.53,104,ECHO
2019-10-16,15:59,34.93,35.4,34.01,34.83,104,ECPG
2019-10-16,15:59,20.7,21.218,21.363,20.8,122,EDIT
2019-10-16,15:59,147.3,152.46,150.29,149.22,104,EEFT
2019-10-16,15:59,41.72,41.7,41.84,42.2,256,EFSC
2019-10-16,15:59,7.464,7.767,7.617,7.6,428,EGAN
2019-10-16,15:59,43.31,44.54,43.22,43.81,374,EGBN
2019-10-16,15:57,4.645,4.665,4.539,4.679,28,EGLE
2019-10-16,15:59,21.29,21.53,21.45,21.765,693,EGOV
2019-10-16,15:56,62.48,62.25,62.26,64.65,103,EGRX
2019-10-16,15:59,58.28,57.26,56.73,57.51,597,EHTH
2019-10-16,15:59,4.14,4.067,4.226,4.2,609,EIGI
2019-10-16,15:59,11,10.91,11,10.92,628,EIGR
2019-10-16,15:59,0.5427,0.5508,0.534,0.5465,70,EKSO
2019-10-16,15:59,3.46,3.55,3.48,3.56,104,ELGX
2019-10-16,15:59,4.27,4.27,4.16,4.25,181,ELOX
2019-10-16,15:59,113.044,117.102,118.15,116.9,2854,EMB
2019-10-16,15:59,4.23,4.289,4.24,4.34,1595,ENDP
2019-10-16,15:57,30.79,30.49,30.26,31.19,4,ENFC
2019-10-16,15:58,8.57,8.68,8.7,8.69,101,ENLV
2019-10-16,15:59,24.39,25.28,24.441,25.24,1833,ENPH
2019-10-16,15:59,41.48,41.72,41.74,41.08,128,ENSG
2019-10-16,15:59,61.8,61.6,59.7,62,140,ENTA
2019-10-16,15:59,48.47,49.33,48.49,48.42,890,ENTG
2019-10-16,15:59,54.408,55.311,54.272,53.874,21,ENZL
2019-10-16,15:59,15.48,14.83,14.94,14.94,78,EOLS
2019-10-16,15:59,40.92,39.991,40.27,41.46,235,EPAY
2019-10-16,15:59,10.743,10.599,10.352,10.55,300,EPZM
2019-10-16,15:59,27.09,27.372,27.29,26.971,209,EQBK
2019-10-16,15:59,579.15,575.98,585.02,576.13,146,EQIX
2019-10-16,15:59,43.23,43.9,44.85,44.2,1094,ERI
2019-10-16,15:59,8.93,8.697,8.72,8.608,4263,ERIC
2019-10-16,15:59,190.55,190.47,188.86,188.97,187,ERIE
2019-10-16,15:59,9.85,9.66,10.09,10,170,ERII
2019-10-16,15:58,34.921,34.379,34.531,33.948,104,ESGE
2019-10-16,15:59,194.179,196.741,200.242,193.955,4,ESGR
2019-10-16,15:59,39.55,39.12,40.53,40.47,416,ESPR
2019-10-16,15:58,24.07,23.99,24.26,24.62,72,ESQ
2019-10-16,15:59,39.081,40.16,39.67,40.46,2400,ETFC
2019-10-16,15:59,61.08,59.83,61.23,58.42,827,ETSY
2019-10-16,15:59,72.876,72.23,73.532,74.51,164,EVBG
2019-10-16,15:59,18.85,19.26,19.2,19.28,1151,EVER
2019-10-16,15:59,28.94,28.8,28.93,29.1,202,EVOP
2019-10-16,15:59,44.35,45.337,45.649,45.365,1549,EWBC
2019-10-16,15:59,99.24,101.1,101.48,100.05,239,EXAS
2019-10-16,15:59,17.13,17.411,17.158,17.531,2502,EXEL
2019-10-16,15:59,77.1,77.74,74.46,78.02,310,EXPD
2019-10-16,15:59,141.5,139.03,144.73,138.5,249,EXPE
2019-10-16,15:59,8.84,8.693,8.775,8.578,103,EXPI
2019-10-16,15:59,69.89,72.154,69.93,70.854,113,EXPO
2019-10-16,15:59,7.299,7.193,7.339,7.186,1222,EXTR
2019-10-16,15:59,24.32,24.119,24.87,24.029,1897,EYE
2019-10-16,15:58,2.45,2.556,2.464,2.455,102,EYPT
2019-10-16,15:59,5.916,5.931,6.129,6.099,178,EZPW
2019-10-16,15:59,87.24,86.22,85.26,85.38,544,FANG
2019-10-16,15:59,25.897,25.933,26.16,26.083,3,FANH
2019-10-16,15:59,14.3,14.494,14.506,14.8,175,FARM
2019-10-16,15:58,48.418,48.002,49.228,48.214,102,FARO
2019-10-16,15:59,35.8,36.9,36.08,36.4,2434,FAST
2019-10-16,15:59,15.03,14.618,14.541,15.142,101,FATE
2019-10-16,15:59,192.88,198.1,190.71,194.941,4768,FB
2019-10-16,15:59,32.525,32.172,32.139,33.427,166,FBMS
2019-10-16,15:59,37.57,37.028,36.972,37.616,352,FBNC
2019-10-16,15:57,33.203,33.074,32.469,33.432,65,FCBC
2019-10-16,15:59,93.8,93.929,92.89,92.506,158,FCFS
2019-10-16,15:59,500.11,504.32,485.77,487.45,173,FCNCA
2019-10-16,15:59,28.9,29.21,30.12,29.42,134,FDEF
2019-10-16,15:59,14.4,14.78,14.85,14.83,12,FDUS
2019-10-16,15:58,48.63,47.69,49.36,48.59,104,FELE
2019-10-16,15:59,35.15,36.38,34.8,36.31,2,FEMS
2019-10-16,15:59,15.625,15.714,15.5,15.261,3395,FEYE
2019-10-16,15:59,24.38,24.765,24.54,23.99,453,FFBC
2019-10-16,15:59,21.965,21.286,21.81,21.599,247,FFIC
2019-10-16,15:59,34.6,34.575,34.6,33.891,229,FFIN
2019-10-16,15:59,136.73,137.2,138.25,142.8,286,FFIV
2019-10-16,15:59,15.29,15.34,15.23,14.88,102,FFWM
2019-10-16,15:59,41.42,41.527,42.31,40.658,207,FGEN
2019-10-16,15:59,27.84,28.052,28.345,28.57,518,FHB
2019-10-16,15:59,10.979,11.243,11.105,10.799,6,FHL
2019-10-16,15:59,42.26,42.41,43.559,41.68,418,FIBK
2019-10-16,15:59,30.02,29.84,29.48,29.88,33,FINX
2019-10-16,15:59,31,30.734,30.425,30.79,78,FISI
2019-10-16,15:59,110.02,108.287,111.51,106.961,3717,FISV
2019-10-16,15:59,27.568,27.341,27.92,27.8,1377,FITB
2019-10-16,15:59,135.7,135.754,136.67,135.9,518,FIVE
2019-10-16,15:59,56.03,57.45,57.23,58.38,207,FIVN
2019-10-16,15:56,14.069,13.825,14.063,13.876,101,FIXX
2019-10-16,15:59,49.377,50.002,49.221,49.59,10,FIZZ
2019-10-16,15:59,4.26,4.425,4.26,4.356,1351,FLDM
2019-10-16,15:59,10.406,10.623,10.624,10.276,101,FLEX
2019-10-16,15:59,23.3,22.893,23.73,23.757,211,FLIC
2019-10-16,15:59,55.1,53.975,54.2,55.659,355,FLIR
2019-10-16,15:58,2.28,2.2,2.23,2.25,9,FLL
2019-10-16,15:59,6.65,6.6,6.49,6.38,7,FLMN
2019-10-16,15:59,2.798,2.796,2.791,2.854,227,FLNT
2019-10-16,15:59,14.47,14.34,14.71,14.92,134,FLWS
2019-10-16,15:59,14.66,14.35,14.507,14.38,108,FLXN
2019-10-16,15:57,26.1,26.41,26.55,26.24,2,FMAO
2019-10-16,15:57,56.19,56.09,57.68,56.57,101,FMB
2019-10-16,15:55,35.1,35.79,34.81,35.83,103,FMBH
2019-10-16,15:59,20.369,20.495,19.764,20.134,434,FMBI
2019-10-16,15:59,14.066,14.134,13.82,14.361,3,FNHC
2019-10-16,15:59,19.066,19.637,19.03,18.916,339,FNKO
2019-10-16,15:59,23.157,23.115,23.235,23.309,117,FOCS
2019-10-16,15:59,8.376,8.221,8.482,8.19,8455,FOLD
2019-10-16,15:59,3.135,3.17,3.228,3.099,412,FOMX
2019-10-16,15:59,20.67,20.672,20.849,20.63,403,FORM
2019-10-16,15:59,34.85,35.192,35.737,35.81,177,FORR
2019-10-16,15:59,11.826,11.796,11.514,11.917,301,FOSL
2019-10-16,15:59,31.85,32.98,31.75,32.3,630,FOX
2019-10-16,15:59,33.24,32.061,32.26,32.58,431,FOXA
2019-10-16,15:59,68.13,66.31,67.58,67.05,166,FOXF
2019-10-16,15:59,4.193,4.09,4.15,4.181,406,FPRX
2019-10-16,15:59,17.578,17.915,17.854,17.992,258,FRAN
2019-10-16,15:55,4.181,4.147,4.112,4.128,104,FRBK
2019-10-16,15:59,9.2,8.92,9.03,9.06,264,FRGI
2019-10-16,15:59,37.99,37.46,38.03,37.75,384,FRME
2019-10-16,15:59,51.38,49.75,49.17,51.43,101,FRPH
2019-10-16,15:59,50.75,49.83,49,48.8,627,FRPT
2019-10-16,15:59,7.86,8.06,7.98,8.13,207,FRTA
2019-10-16,15:59,26.49,27.28,26.34,27.08,418,FSCT
2019-10-16,15:59,56.63,54.965,56.91,55.556,1212,FSLR
2019-10-16,15:58,21.03,20.43,21.14,20.3,103,FSTR
2019-10-16,15:55,103.06,104.4,105.08,102.73,105,FSV
2019-10-16,15:59,52.52,53.07,51.73,51.56,217,FTDR
2019-10-16,15:59,79.85,79.7,80.94,78.3,425,FTNT
2019-10-16,15:59,1.03,1.006,1.04,1,1681,FTR
2019-10-16,15:59,60.265,60.402,60.149,60.251,207,FTSM
2019-10-16,15:59,6.04,6,5.94,5.843,152,FTSV
2019-10-16,15:59,16.71,16.64,16.19,16.52,947,FULT
2019-10-16,15:57,31.01,30.22,30.69,29.97,162,FV
2019-10-16,15:58,39.8,39,40.1,39,102,FWONA
2019-10-16,15:59,41.4,41.22,40.95,41.28,698,FWONK
2019-10-16,15:59,32.672,32.563,32.688,32.243,201,GABC
2019-10-16,15:59,6.02,6.02,6.2,6.21,5,GAIA
2019-10-16,15:58,12.864,13.04,12.913,12.645,685,GAIN
2019-10-16,15:59,42.44,40.726,41.18,41.95,219,GBCI
2019-10-16,15:59,18.02,18.331,18.67,18.66,2857,GBDC
2019-10-16,15:59,24.634,25.697,24.857,25.52,51,GBLI
2019-10-16,15:59,49.97,49.635,49.82,49.356,292,GBT
2019-10-16,15:59,14.371,13.87,14.088,14.277,448,GDEN
2019-10-16,15:59,43.67,41.84,43.43,42.71,309,GDS
2019-10-16,15:55,8.7,8.5,8.3,8.5,122,GECC
2019-10-16,15:59,15.609,15.341,15.61,15.072,165,GEOS
2019-10-16,15:56,8.66,8.97,8.86,8.66,135,GFN
2019-10-16,15:59,13.132,13.126,12.902,13.005,103,GGAL
2019-10-16,15:59,65.36,67.18,65.16,65.43,305,GH
2019-10-16,15:59,74.01,72.4,70.9,71.18,520,GHDX
2019-10-16,15:59,5.9,5.9,5.8,5.89,59,GIFI
2019-10-16,15:59,25.906,25.54,26.43,26.468,402,GIII
2019-10-16,15:59,67.533,66.004,65.359,67.301,3651,GILD
2019-10-16,15:59,10.118,10.218,9.816,9.778,155,GLAD
2019-10-16,15:59,11.199,11.227,11.169,11.176,136,GLDD
2019-10-16,15:58,66.205,68.32,65.707,67.42,125,GLIBA
2019-10-16,15:59,14.084,14.337,14.08,14.105,330,GLNG
2019-10-16,15:59,167.25,168.35,164.07,163.77,84,GLPG
2019-10-16,15:59,39.15,39.908,40.576,38.98,3515,GLPI
2019-10-16,15:59,10.523,10.407,10.343,10.693,55,GLRE
2019-10-16,15:59,5.99,5.997,6.135,5.98,7456,GLUU
2019-10-16,15:59,4.6,4.57,4.64,4.54,762,GLYC
2019-10-16,15:59,21.27,21.61,20.833,21.54,1364,GMAB
2019-10-16,15:59,14.9,15.18,15.13,14.8,1350,GNFT
2019-10-16,15:59,5.629,5.666,5.504,5.548,655,GNMK
2019-10-16,15:59,28.085,28.899,28.119,28.728,1266,GNTX
2019-10-16,15:59,33.96,33.673,33.551,34.91,208,GO
2019-10-16,15:59,6.011,6.202,6.189,6.105,1941,GOGL
2019-10-16,15:59,5.837,5.949,5.956,5.954,41,GOGO
2019-10-16,15:59,23.235,23.96,23.91,24.12,60,GOOD
2019-10-16,15:59,1267.34,1249.06,1287.37,1281.2,889,GOOG
2019-10-16,15:59,1271.28,1301.5,1283.11,1245.41,3175,GOOGL
2019-10-16,15:59,17.11,16.51,16.96,16.77,103,GOSS
2019-10-16,15:59,2.819,2.84,2.828,2.739,1433,GPOR
2019-10-16,15:59,10.813,10.841,10.821,10.747,1372,GPRE
2019-10-16,15:59,3.697,3.751,3.669,3.828,1305,GPRO
2019-10-16,15:57,10.59,10.86,10.91,10.99,88,GRBK
2019-10-16,15:58,21.35,21.099,21.13,20.975,224,GRFS
2019-10-16,15:59,87.66,89.591,91.13,87.886,904,GRMN
2019-10-16,15:58,1.067,1.067,1.08,1.079,103,GRNQ
2019-10-16,15:59,2.997,2.881,2.91,3.016,3381,GRPN
2019-10-16,15:58,8.585,8.577,8.451,8.53,31,GRTS
2019-10-16,15:55,59.38,57.88,59.89,59.64,101,GSBC
2019-10-16,15:59,48.01,48.03,49.84,48.32,104,GSHD
2019-10-16,15:59,7.563,7.366,7.603,7.559,836,GSKY
2019-10-16,15:55,0.78,0.7571,0.7785,0.76,520,GSM
2019-10-16,15:59,15.655,15.299,15.544,15.23,1792,GT
2019-10-16,15:59,21.9,22.32,21.58,22.22,102,GTHX
2019-10-16,15:59,61.07,61.43,60.63,60.18,412,GTLS
2019-10-16,15:59,122.92,120.67,125.15,124,101,GWPH
2019-10-16,15:59,30.611,30.59,30.34,30.347,1530,HA
2019-10-16,15:59,8.559,8.508,8.63,8.54,1170,HABT
2019-10-16,15:59,18.58,18.803,18.74,18.33,302,HAFC
2019-10-16,15:59,22.93,22.683,22.69,22.794,443,HAIN
2019-10-16,15:57,19.685,19.22,19.01,19.508,96,HALL
2019-10-16,15:59,16.34,16.44,16.303,15.93,702,HALO
2019-10-16,15:59,123,127,123,126,155,HAS
2019-10-16,15:59,36.39,36.25,36.38,37.24,96,HAYN
2019-10-16,15:59,14.583,14.324,14.648,14.648,2156,HBAN
2019-10-16,15:56,39.3,39.317,40.282,39.691,1,HBCP
2019-10-16,15:59,17.53,18.108,17.977,17.44,493,HBNC
2019-10-16,15:58,30.42,30.349,31.39,30.992,2097,HCAT
2019-10-16,15:59,16.818,16.383,16.888,16.215,279,HCKT
2019-10-16,15:59,19.613,19.58,19.56,20,182,HCM
2019-10-16,15:59,25.47,24.984,24.785,25.635,403,HCSG
2019-10-16,15:59,39.21,40.909,39.49,41.04,732,HDS
2019-10-16,15:59,12.35,12.51,12.61,12.428,418,HEAR
2019-10-16,15:59,29.6,29.92,28.65,29,362,HEES
2019-10-16,15:59,159.98,159.8,163.28,163.48,44,HELE
2019-10-16,15:59,27.12,27.058,27.79,26.97,325,HFWA
2019-10-16,15:55,18.88,19.24,19.18,18.95,1306,HHR
2019-10-16,15:59,23.03,23.24,23.54,22.53,103,HIBB
2019-10-16,15:59,27.2,27.28,27.16,27.75,101,HIIQ
2019-10-16,15:57,2.462,2.424,2.45,2.437,100,HIMX
2019-10-16,15:59,67.93,67.93,67.14,66.12,333,HLG
2019-10-16,15:55,40.08,39.89,39.13,39.41,106,HLIO
2019-10-16,15:59,6.906,6.721,6.715,6.794,204,HLIT
2019-10-16,15:59,56.631,58.09,56.936,58.374,32,HLNE
2019-10-16,15:59,5.081,5.077,5.18,5.133,2653,HMHC
2019-10-16,15:59,35.71,34.66,34.39,35.17,1075,HMSY
2019-10-16,15:57,22.53,22.19,22.84,22.48,201,HOFT
2019-10-16,15:58,14.57,14.78,15.19,14.99,85,HOLI
2019-10-16,15:59,49.01,48.99,50.32,49.339,818,HOLX
2019-10-16,15:59,19.04,19.578,19.551,18.934,386,HOMB
2019-10-16,15:59,10.313,10.49,10.294,10.112,647,HONE
2019-10-16,15:59,14.534,15,14.286,14.234,745,HOPE
2019-10-16,15:59,58.31,58.121,56.69,56.253,510,HQY
2019-10-16,15:59,18.4,18.127,18.12,18.04,982,HRTX
2019-10-16,15:59,62.856,62.81,64.692,64.77,313,HSIC
2019-10-16,15:59,27.06,27.24,27.52,28.06,5,HSII
2019-10-16,15:59,75.265,74.877,77.136,74.746,5,HSKA
2019-10-16,15:59,26.48,27.52,27.39,26.57,5,HSTM
2019-10-16,15:56,11.477,11.802,11.574,11.449,103,HTBK
2019-10-16,15:59,35.714,35.47,34.44,34.418,918,HTHT
2019-10-16,15:59,22.618,22.4,22.079,21.987,452,HTLD
2019-10-16,15:59,46.78,44.99,46.4,46.01,105,HTLF
2019-10-16,15:59,51.03,48.8,49.7,50,20,HUBG
2019-10-16,15:59,32.971,32.603,32.656,32.138,1,HURC
2019-10-16,15:58,59.34,60.33,58.75,61.48,100,HURN
2019-10-16,15:56,24.46,23.85,24.08,24.1,10,HWBK
2019-10-16,15:59,38.48,38.42,38.47,39.23,463,HWC
2019-10-16,15:59,30,29.418,29.113,29.894,3022,HZNP
2019-10-16,15:59,242.05,234.34,233.82,238,640,IAC
2019-10-16,15:59,62.291,63.865,64.698,63.358,304,IART
2019-10-16,15:59,102.34,103.302,106.6,102.39,1726,IBB
2019-10-16,15:59,21.42,21.2,21.83,22,105,IBCP
2019-10-16,15:59,76.22,76.7,76.256,78.92,764,IBKC
2019-10-16,15:59,39.55,40.283,40.69,39.72,525,IBOC
2019-10-16,15:59,53.79,53.05,53.25,52.45,253,IBTX
2019-10-16,15:59,78.698,78.65,76.68,78.45,379,ICFI
2019-10-16,15:59,25.93,25.88,25.3,25.78,205,ICHR
2019-10-16,15:57,2.947,3.033,2.99,3.022,1,ICLK
2019-10-16,15:59,11.1,11.2,11.2,10.9,36,ICLN
2019-10-16,15:59,143.34,145.11,145.92,148.23,75,ICLR
2019-10-16,15:59,66.5,67.576,67.79,65.14,115,ICPT
2019-10-16,15:58,159.345,155.519,156.498,155.055,102,ICUI
2019-10-16,15:59,53.56,54.546,52.92,53.679,398,IDCC
2019-10-16,15:59,286.4,287.53,283.1,286.48,522,IDXX
2019-10-16,15:59,117.113,113.264,114.85,113.42,4,IEF
2019-10-16,15:56,126.63,126.65,126.68,129.03,104,IEI
2019-10-16,15:58,2.38,2.486,2.452,2.411,6,IFRX
2019-10-16,15:58,47.04,48.58,48.52,48.53,5,IGF
2019-10-16,15:56,56.03,54.16,54.48,54.92,401,IGSB
2019-10-16,15:57,14.341,14.465,14.524,14.48,121,IHRT
2019-10-16,15:59,2.38,2.31,2.39,2.33,100,III
2019-10-16,15:59,20,20.12,20.844,21,153,IIIN
2019-10-16,15:59,20.9,20.54,20.27,20.75,252,IIIV
2019-10-16,15:55,21.611,21.129,21.745,21.858,59,IIN
2019-10-16,15:59,32.89,32.517,33.44,33.699,117,IIVI
2019-10-16,15:59,312.98,314.64,323.1,315.85,659,ILMN
2019-10-16,15:59,21.462,21.3,21.7,22.224,1370,ILPT
2019-10-16,15:59,2.478,2.572,2.554,2.592,2710,IMGN
2019-10-16,15:58,39.51,39.14,40.16,38.5,110,IMKTA
2019-10-16,15:59,8.06,8.09,8.2,8.073,1129,IMMR
2019-10-16,15:59,15.575,15.806,15.58,15.888,3850,IMMU
2019-10-16,15:59,20.811,20.541,20.833,20.547,20,IMOS
2019-10-16,15:59,2.25,2.25,2.29,2.23,210,INAP
2019-10-16,15:58,23.276,23.1,22.695,22.995,104,INBK
2019-10-16,15:59,80.7,81,78.4,78.74,419,INCY
2019-10-16,15:59,74.51,75.878,75.384,74.46,244,INDB
2019-10-16,15:59,5.626,5.717,5.65,5.486,1974,INFN
2019-10-16,15:59,49.19,49.34,49.15,51.37,414,INGN
2019-10-16,15:59,1.11,1.12,1.12,1.1,104,INNT
2019-10-16,15:59,2.569,2.606,2.539,2.561,133,INO
2019-10-16,15:59,15.258,15.493,15.416,15.713,123,INOV
2019-10-16,15:59,5.012,5.035,5.142,4.978,312,INSG
2019-10-16,15:59,18.18,18.368,18.125,17.7,1257,INSM
2019-10-16,15:59,52.58,52.9,52.476,52.98,14104,INTC
2019-10-16,15:59,43.01,43.48,42.83,43.17,104,INTL
2019-10-16,15:59,271.21,279.69,280.068,273.24,1183,INTU
2019-10-16,15:59,11.297,11.488,10.956,11.052,422,INVA
2019-10-16,15:59,4.69,4.69,4.6,4.58,36,INWK
2019-10-16,15:59,58.53,58.58,58.89,57.7,771,IONS
2019-10-16,15:58,92.61,91.2,90.98,95.15,103,IOSP
2019-10-16,15:59,9.19,9.177,9.145,8.86,348,IOTS
2019-10-16,15:59,18.475,18.931,19.012,18.601,1769,IOVA
2019-10-16,15:58,72.329,74.614,73.432,71.517,104,IPAR
2019-10-16,15:59,133.74,134.12,134.21,131.98,207,IPGP
2019-10-16,15:57,34.4,34,34,34.7,105,IPHS
2019-10-16,15:57,2.78,2.617,2.83,2.667,849,IPWR
2019-10-16,15:59,16.297,16.18,16.72,16.91,29917,IQ
2019-10-16,15:59,58.3,59.821,58.8,59.968,233,IRBT
2019-10-16,15:59,23.835,24.783,24.328,24.495,159,IRDM
2019-10-16,15:58,23.68,23.71,23.54,23.7,113,IRMD
2019-10-16,15:57,72.98,71.38,72.66,71.08,1,IRTC
2019-10-16,15:59,9.15,9.13,9.033,8.948,3530,IRWD
2019-10-16,15:59,12.57,12.45,12.43,12.135,2411,ISBC
2019-10-16,15:59,47.168,45.385,45.557,45.618,1588,ISCA
2019-10-16,15:59,540.51,534.03,541.66,534.968,86,ISRG
2019-10-16,15:59,8.6,8.782,8.556,8.5,735,ITCI
2019-10-16,15:59,5.24,5.21,5.35,5.26,105,ITI
2019-10-16,15:59,79.39,78.81,77,75.79,44,ITRI
2019-10-16,15:55,60.33,59.39,59.8,59.94,35,IXUS
2019-10-16,15:59,86.99,89.813,88.88,88.567,313,JACK
2019-10-16,15:59,124.895,121.95,124.511,120.545,65,JAZZ
2019-10-16,15:59,117.064,121.09,116.4,117.02,902,JBHT
2019-10-16,15:59,17.7,17.6,17.375,17.1,2722,JBLU
2019-10-16,15:59,97.77,96.919,99.12,99.04,381,JCOM
2019-10-16,15:59,31.91,31.759,31.98,32.203,1859,JD
2019-10-16,15:59,196.87,199.23,194.17,199.99,164,JJSF
2019-10-16,15:59,144.44,146.91,144.49,145.73,105,JKHY
2019-10-16,15:59,3.54,3.64,3.62,3.48,112,JNCE
2019-10-16,15:59,84.54,85.74,86.6,85.99,306,JOBS
2019-10-16,15:58,61.59,62.42,60.66,60.87,105,JOUT
2019-10-16,15:57,38.27,37.88,37.1,37.81,101,JRVR
2019-10-16,15:59,24.86,24.98,24.82,24.55,17,JSM
2019-10-16,15:59,3.7,3.558,3.616,3.677,50,KALA
2019-10-16,15:59,99.704,98.56,97.927,97.42,55,KALU
2019-10-16,15:59,20.379,19.709,19.748,20.009,103,KBAL
2019-10-16,15:59,21.275,21.709,21.703,21.105,9,KBWD
2019-10-16,15:59,23.67,24.012,23.94,23.688,270,KELYA
2019-10-16,15:59,38.242,37.835,37.879,38.953,10,KFRC
2019-10-16,15:59,28.31,28.558,28.55,28.643,2164,KHC
2019-10-16,15:59,38.11,37,37.93,37.12,5,KIDS
2019-10-16,15:59,7.84,7.93,8.08,8.11,136,KIN
2019-10-16,15:59,1.495,1.491,1.438,1.488,673,KIRK
2019-10-16,15:59,163.48,160.249,160.24,161.55,1119,KLAC
2019-10-16,15:59,23.638,23.462,22.839,22.759,329,KLIC
2019-10-16,15:59,8.812,8.82,8.75,8.539,737,KLXE
2019-10-16,15:59,5.79,5.69,5.83,5.76,135,KNSA
2019-10-16,15:59,106.38,106.19,107.99,108.09,63,KNSL
2019-10-16,15:59,20.79,20.27,20.19,20.6,262,KOD
2019-10-16,15:59,10.76,10.51,10.52,10.953,506,KPTI
2019-10-16,15:59,33.623,33.824,33.46,33.79,520,KRNT
2019-10-16,15:59,13.8,13.761,13.7,13.767,313,KRNY
2019-10-16,15:58,13.368,13.616,13.653,13.311,100,KRTX
2019-10-16,15:57,17.722,17.883,17.977,17.826,206,KRUS
2019-10-16,15:58,41.37,40.83,40.33,41.28,102,KRYS
2019-10-16,15:59,20.35,19.642,20.32,20.273,1861,KTOS
2019-10-16,15:59,15.29,15.316,14.91,14.826,770,KURA
2019-10-16,15:59,84.16,83.49,81.84,83.95,371,LAMR
2019-10-16,15:59,141.23,139.58,142.63,144.91,101,LANC
2019-10-16,15:58,12.153,12.3,12.19,12.218,435,LAND
2019-10-16,15:59,14.22,14.1,14.09,13.69,247,LASR
2019-10-16,15:59,15.882,15.8,15.7,15.58,2182,LAUR
2019-10-16,15:59,16.05,15.44,15.74,15.84,121,LBAI
2019-10-16,15:59,112.82,111.12,112.23,115.36,282,LBRDK
2019-10-16,15:59,27.056,26.627,27.1,27.076,1530,LBTYA
2019-10-16,15:59,25.499,25.29,25.47,25.976,4718,LBTYK
2019-10-16,15:55,9.9,10,10.1,9.9,101,LCA
2019-10-16,15:59,8.2,8,8.3,8.2,105,LCUT
2019-10-16,15:59,11.244,11.292,11.086,11.525,102,LE
2019-10-16,15:59,86.06,86.89,89.67,86.13,910,LECO
2019-10-16,15:59,189.13,192.16,191.52,191.98,5,LFUS
2019-10-16,15:55,14.611,14.815,14.47,14.726,11,LFVN
2019-10-16,15:59,89.327,90.751,88.503,89.76,227,LGIH
2019-10-16,15:59,108.66,111.095,108.734,110,6,LGND
2019-10-16,15:59,118.6,116.03,113.9,115.56,616,LHCG
2019-10-16,15:57,3.98,3.87,3.89,3.86,102,LIFE
2019-10-16,15:58,18.42,18.528,18.56,18.313,110,LILA
2019-10-16,15:59,18.066,17.941,18.209,18.539,6,LILAK
2019-10-16,15:59,16.77,17.43,17.09,17.32,56,LIND
2019-10-16,15:59,54.63,54.69,54.01,54.59,1640,LITE
2019-10-16,15:59,74.57,76.88,73.61,76.29,207,LIVN
2019-10-16,15:59,1.56,1.63,1.63,1.62,827,LIVX
2019-10-16,15:59,8.409,8.764,8.643,8.531,104,LJPC
2019-10-16,15:58,20.378,20,20.1,20.21,207,LK
2019-10-16,15:55,2.38,2.38,2.3,2.29,101,LKCO
2019-10-16,15:59,45.642,44.76,43.967,46.02,76,LKFN
2019-10-16,15:59,32.542,32.03,32.629,32.68,1269,LKQ
2019-10-16,15:59,3.162,3.198,3.214,3.206,3104,LLNW
2019-10-16,15:56,34.838,34.877,34.29,35.07,100,LMAT
2019-10-16,15:59,53.468,52.241,53.963,53.369,289,LMBS
2019-10-16,15:59,19.09,18.97,19.51,19,89,LMNR
2019-10-16,15:59,20.79,20.461,20.24,20.8,302,LMNX
2019-10-16,15:59,18.04,18.82,18.02,18.32,4,LMRK
2019-10-16,15:59,9.57,9.468,9.265,9.621,104,LNDC
2019-10-16,15:59,54.72,54.86,54.15,54.72,1322,LNT
2019-10-16,15:59,19.24,19.907,19.428,19.35,146,LNTH
2019-10-16,15:59,6.503,6.485,6.637,6.512,102,LOAN
2019-10-16,15:59,18.39,18.59,17.95,17.99,10,LOB
2019-10-16,15:59,12.254,12,12.179,11.985,324,LOCO
2019-10-16,15:59,42.16,42.5,41.21,41.09,121,LOGI
2019-10-16,15:59,72.559,72.63,70.14,70.233,314,LOGM
2019-10-16,15:59,11.147,11.039,10.84,11.242,103,LOOP
2019-10-16,15:58,98.476,99.636,99.943,100.672,82,LOPE
2019-10-16,15:59,41.77,41.2,41.72,42.56,102,LORL
2019-10-16,15:57,19.03,18.86,19.12,19.29,101,LOVE
2019-10-16,15:59,78.46,80.61,78.49,79.02,211,LPLA
2019-10-16,15:59,39.23,39.53,40.77,40.12,1073,LPSN
2019-10-16,15:59,240.53,245.38,235.48,243.99,1193,LRCX
2019-10-16,15:59,19.488,20.005,19.647,19.682,334,LSCC
2019-10-16,15:59,113.06,117.84,117.63,113.87,360,LSTR
2019-10-16,15:59,45.01,44.444,44.903,44.99,351,LSXMA
2019-10-16,15:59,43.48,45.44,44.06,43.91,628,LSXMK
2019-10-16,15:59,9.558,9.308,9.306,9.453,202,LTRPA
2019-10-16,15:59,43.371,45.212,43.778,43.587,486,LTXB
2019-10-16,15:59,207.72,207.8,206.75,212.39,513,LULU
2019-10-16,15:57,5.846,5.953,5.843,5.714,45,LUNA
2019-10-16,15:59,20.406,20.846,20.655,20.434,8019,LVGO
2019-10-16,15:59,10.213,10.607,10.186,10.624,83,LX
2019-10-16,15:59,3.44,3.47,3.39,3.31,1206,LXRX
2019-10-16,15:59,41.24,41.367,42.35,40.57,4162,LYFT
2019-10-16,15:59,85.36,83.465,83.7,84.77,551,MANH
2019-10-16,15:59,69.81,70.332,72.96,69.955,612,MANT
2019-10-16,15:59,124.64,123.091,123.67,125.58,1552,MAR
2019-10-16,15:59,152.732,147.67,149.234,150.63,7,MASI
2019-10-16,15:59,12.043,12.1,11.762,11.891,2437,MAT
2019-10-16,15:56,36.4,35.6,36.8,35.5,2,MATW
2019-10-16,15:58,111.02,108.45,109.62,110.4,101,MBB
2019-10-16,15:59,16.58,16.09,16.38,16.14,103,MBIN
2019-10-16,15:59,31.72,32.72,32.3,31.83,118,MBUU
2019-10-16,15:55,35.49,35.24,35.51,35.84,102,MBWM
2019-10-16,15:59,14.772,14.894,14.796,15.079,21,MCFT
2019-10-16,15:59,60.96,59.3,60.98,59.19,512,MCHI
2019-10-16,15:59,97.29,97.76,99.86,97.25,2562,MCHP
2019-10-16,15:59,3.258,3.216,3.176,3.107,305,MCHX
2019-10-16,15:59,3.496,3.493,3.532,3.447,194,MCRB
2019-10-16,15:59,43.27,43.25,43.86,44.83,47,MCRI
2019-10-16,15:59,122.4,121.928,127.004,126.69,4723,MDB
2019-10-16,15:59,55.05,55.59,55.57,54.78,1635,MDCO
2019-10-16,15:58,87.78,88.54,88.83,87.9,3,MDGL
2019-10-16,15:59,56.91,56.04,55.344,56.57,3094,MDLZ
2019-10-16,15:59,10.922,10.959,11.14,11.144,2064,MDRX
2019-10-16,15:59,96.272,94.665,94.61,92.297,754,MDSO
2019-10-16,15:59,2.89,2.833,2.96,2.8,412,MDWD
2019-10-16,15:59,78.955,80.71,79.339,81,447,MEDP
2019-10-16,15:59,4.591,4.449,4.49,4.402,107,MEET
2019-10-16,15:59,565.46,573.18,551.15,563.34,304,MELI
2019-10-16,15:59,36.02,36.184,36.03,36.669,304,MEOH
2019-10-16,15:59,11.488,11.293,11.302,11.41,412,MERC
2019-10-16,15:59,7.43,7.34,7.43,7.39,100,MESA
2019-10-16,15:59,6.14,6.23,6.3,6.09,178,MESO
2019-10-16,15:57,3.6,3.5,3.61,3.48,4,METC
2019-10-16,15:58,5.955,6.034,6.033,5.971,208,MFIN
2019-10-16,15:59,76.94,78.18,76.83,79.62,62,MGEE
2019-10-16,15:59,4.03,4.137,4.063,4.08,291,MGI
2019-10-16,15:59,61.96,62.47,63.86,63.85,104,MGLN
2019-10-16,15:59,11.52,11.67,11.425,11.289,314,MGNX
2019-10-16,15:59,46.6,48.52,48.68,47.31,55,MGPI
2019-10-16,15:59,9.46,9.65,9.43,9.65,12,MGTA
2019-10-16,15:59,118.73,113.78,114.73,118.99,104,MIDD
2019-10-16,15:59,9.667,10.022,9.913,9.8,1585,MIK
2019-10-16,15:59,39.922,40.34,39.767,41.13,111,MIME
2019-10-16,15:59,38.299,39.47,38.184,38.523,599,MINI
2019-10-16,15:59,9.72,9.934,9.989,9.75,506,MITK
2019-10-16,15:59,97.47,95.96,93.05,95.24,304,MKSI
2019-10-16,15:59,345.13,347.834,344.71,356.2,597,MKTX
2019-10-16,15:59,226.01,223.19,220.16,225.82,106,MLAB
2019-10-16,15:59,21.53,20.92,21.482,21.56,1997,MLCO
2019-10-16,15:59,46.61,46.526,45.799,46.86,482,MLHR
2019-10-16,15:59,7.6,7.71,7.57,7.6,5,MLND
2019-10-16,15:59,111.549,112.41,115.429,111.244,266,MLNX
2019-10-16,15:59,30.555,30.13,29.762,30.21,1727,MMSI
2019-10-16,15:59,22.35,22.46,22.13,22.17,103,MMYT
2019-10-16,15:59,1.292,1.3,1.311,1.323,103,MNKD
2019-10-16,15:56,7.25,7.18,7.25,7.16,105,MNOV
2019-10-16,15:58,82.379,78.978,79.504,81.371,307,MNRO
2019-10-16,15:59,58.69,58.937,59.222,56.9,1469,MNST
2019-10-16,15:59,14.12,14.105,14.17,14.083,303,MNTA
2019-10-16,15:57,6.3,6.2,6.2,6.4,101,MNTX
2019-10-16,15:59,6.609,6.746,6.673,6.52,1337,MOBL
2019-10-16,15:59,30.41,31.84,31.39,31.79,103,MOFG
2019-10-16,15:59,35,35.126,36.53,36.703,2489,MOMO
2019-10-16,15:57,28.5,28.28,27.74,27.71,17,MOR
2019-10-16,15:58,14.96,15.46,15.16,15.01,103,MORF
2019-10-16,15:58,161.11,161.91,157.21,159.25,3,MORN
2019-10-16,15:59,17.06,16.83,16.92,16.69,101,MPAA
2019-10-16,15:59,25.83,26.1,25.77,25.56,1,MPB
2019-10-16,15:59,141.83,146.26,147.95,146.35,235,MPWR
2019-10-16,15:57,10.84,11.18,11.26,11.17,556,MRCC
2019-10-16,15:58,76.7,77.7,75.8,78.4,101,MRCY
2019-10-16,15:59,4.5,4.487,4.5,4.315,226,MRKR
2019-10-16,15:59,14.57,14.83,14.62,14.28,392,MRNA
2019-10-16,15:59,1.383,1.389,1.395,1.41,202,MRNS
2019-10-16,15:59,1.69,1.651,1.631,1.651,104,MRSN
2019-10-16,15:59,21.29,21.7,21.941,21.29,267,MRTN
2019-10-16,15:59,82.45,82.73,83.85,82.65,238,MRTX
2019-10-16,15:59,24.54,24.583,24.447,24.87,2402,MRVL
2019-10-16,15:59,26.445,26.963,26.557,26.92,21,MSBI
2019-10-16,15:59,67.63,65.57,67.55,65.16,80,MSEX
2019-10-16,15:59,142.62,140.53,142.05,143.44,4454,MSFT
2019-10-16,15:59,149.15,145.53,147.1,148.5,164,MSTR
2019-10-16,15:59,13.88,13.89,13.47,13.47,5,MSVB
2019-10-16,15:59,80.24,80.2,79.99,78.1,616,MTCH
2019-10-16,15:59,19.8,19.77,19.53,19.72,10,MTLS
2019-10-16,15:59,19.52,19.33,19.54,19.48,104,MTRX
2019-10-16,15:58,57.14,55.52,57.05,56.97,2,MTSC
2019-10-16,15:59,21.491,21.848,21.858,21.491,131,MTSI
2019-10-16,15:59,45.23,45.973,47.436,46.058,18778,MU
2019-10-16,15:59,20.63,20.18,20.85,20.78,82,MVBF
2019-10-16,15:59,60.467,59.52,60.35,58.453,302,MXIM
2019-10-16,15:59,30.31,31.72,31.11,30.85,942,MYGN
2019-10-16,15:59,19.08,18.866,19.5,19.31,2121,MYL
2019-10-16,15:58,57.324,57.262,57.926,57.466,31,MYOK
2019-10-16,15:59,30.44,30.82,31.49,30.93,115,MYRG
2019-10-16,15:59,0.0445,0.0428,0.0441,0.0439,419,NAKD
2019-10-16,15:59,33.63,33.953,34.106,33.79,266,NANO
2019-10-16,15:58,41.14,41.62,40.58,41.54,103,NATI
2019-10-16,15:59,11.911,11.845,12.164,12.127,893,NAVI
2019-10-16,15:59,3.15,3.1,3.2,3.15,1217,NBEV
2019-10-16,15:59,97.251,97.85,96.51,97.87,248,NBIX
2019-10-16,15:59,2.028,2.101,2.027,2.019,418,NBRV
2019-10-16,15:57,37.19,37.81,37.86,37.89,104,NBTB
2019-10-16,15:59,8.502,8.72,8.434,8.54,965,NCMI
2019-10-16,15:59,103,101,102,101,5,NDAQ
2019-10-16,15:59,5.134,5.066,5.03,5.223,3,NDLS
2019-10-16,15:59,149.89,149.29,149.76,151.39,100,NDSN
2019-10-16,15:58,10.6,10.3,10.6,10.4,4267,NEBU
2019-10-16,15:59,20.5,20.28,20.6,20.55,303,NEO
2019-10-16,15:59,66.678,66.22,67.705,65.559,217,NEOG
2019-10-16,15:58,3.637,3.616,3.636,3.555,135,NEPT
2019-10-16,15:59,4.327,4.466,4.397,4.277,65,NERV
2019-10-16,15:58,6.107,6.031,6.188,6.271,837,NESR
2019-10-16,15:59,16.781,17.132,16.902,17.165,393,NFBK
2019-10-16,15:59,291.071,292.207,299.45,287.73,2774,NFLX
2019-10-16,15:59,23.03,23.031,23.37,22.91,520,NGHC
2019-10-16,15:55,10.42,10.301,10.36,10.243,103,NGM
2019-10-16,15:55,0.7716,0.8032,0.7931,0.7801,105,NH
2019-10-16,15:59,156.27,150.05,151.64,151.28,308,NICE
2019-10-16,15:59,1.97,1.96,1.91,1.9,55,NIHD
2019-10-16,15:59,9.51,9.32,9.34,9.2,2,NIU
2019-10-16,15:59,18.242,17.65,17.86,18.11,560,NKTR
2019-10-16,15:57,1.403,1.412,1.409,1.395,102,NLNK
2019-10-16,15:59,29.13,29,29.26,28.69,51,NMIH
2019-10-16,15:59,9.58,9.617,9.54,9.57,1517,NMRK
2019-10-16,15:59,7.3,7.396,7.3,7.242,1542,NNBR
2019-10-16,15:58,83.89,85.33,81.7,85.13,102,NOVT
2019-10-16,15:59,56.34,57.143,57.343,57.796,101,NRC
2019-10-16,15:59,37.78,38.02,38.53,37.89,413,NRIM
2019-10-16,15:59,59.17,58.09,58.056,59.88,218,NSIT
2019-10-16,15:58,27.81,27.12,27.66,27.49,201,NSSC
2019-10-16,15:59,22.6,22.6,23.1,22.995,179,NSTG
2019-10-16,15:59,55.413,53.569,55.195,55.7,2489,NTAP
2019-10-16,15:59,21.84,22.27,22.15,21.56,415,NTCT
2019-10-16,15:59,308.36,309.01,297.55,297.72,441,NTES
2019-10-16,15:59,32.19,32.58,32.54,32.36,104,NTGR
2019-10-16,15:58,11.454,11.37,11.841,11.662,103,NTLA
2019-10-16,15:59,27.065,26.77,27.42,27.038,1020,NTNX
2019-10-16,15:59,37,36.84,37.745,36.75,1019,NTRA
2019-10-16,15:59,94.12,94.1,93.3,94.38,806,NTRS
2019-10-16,15:58,26.172,25.939,26.188,26.605,4,NTRSP
2019-10-16,15:59,32.133,31.13,31.821,32.233,101,NTUS
2019-10-16,15:59,5.37,5.52,5.4,5.37,5,NTWK
2019-10-16,15:59,15.88,15.615,15.284,15.34,869,NUAN
2019-10-16,15:59,64.63,65.634,64.35,66.54,366,NUVA
2019-10-16,15:59,4.74,4.809,4.868,4.78,285,NVAX
2019-10-16,15:59,77.58,79.44,78.686,79.8,121,NVCR
2019-10-16,15:59,203.56,198.93,197.77,194.35,22357,NVDA
2019-10-16,15:59,64.27,65.72,67.09,64.2,1,NVEC
2019-10-16,15:56,71.46,71.61,73.96,71.19,3,NVEE
2019-10-16,15:59,16.363,16.885,16.698,16.904,983,NWBI
2019-10-16,15:59,19.46,20.015,20.059,19.69,2386,NWL
2019-10-16,15:59,28.38,28.36,27.46,28.46,104,NWPX
2019-10-16,15:59,14.291,14.01,14.54,14.443,622,NWS
2019-10-16,15:59,13.665,14.277,14.214,13.86,3379,NWSA
2019-10-16,15:58,16.37,16.179,16.488,16.24,134,NXGN
2019-10-16,15:59,112.59,110.77,113.96,112.09,2466,NXPI
2019-10-16,15:59,100.05,98.9,100.8,101.65,612,NXST
2019-10-16,15:56,27.1,27.8,27.9,26.7,9,NXTC
2019-10-16,15:59,6.237,6.417,6.204,6.246,1542,NYMT
2019-10-16,15:57,1.935,1.934,1.869,1.879,6,NYMX
2019-10-16,15:56,1.887,1.877,1.847,1.912,11,OBLN
2019-10-16,15:59,23.408,24.089,23.757,23.28,2,OCFC
2019-10-16,15:59,5.423,5.223,5.382,5.383,126,OCSL
2019-10-16,15:59,3.317,3.368,3.324,3.416,234,OCUL
2019-10-16,15:59,178.88,181.34,182.51,176.226,389,ODFL
2019-10-16,15:59,2.02,2.062,1.99,1.995,5172,ODP
2019-10-16,15:58,28.28,28.84,28.86,29.25,45,ODT
2019-10-16,15:56,53.16,53.01,52.79,54.04,304,OFIX
2019-10-16,15:58,3.502,3.554,3.461,3.551,445,OGI
2019-10-16,15:59,107.49,111.478,111.018,107.53,3115,OKTA
2019-10-16,15:59,29.698,30.869,29.649,29.787,44,OLBK
2019-10-16,15:59,173.55,180,179,180.1,227,OLED
2019-10-16,15:59,61.57,62.8,62.42,61.09,511,OLLI
2019-10-16,15:59,52.7,52.7,53.5,53.8,99,OMAB
2019-10-16,15:59,78.19,77.23,77.96,75.94,815,OMCL
2019-10-16,15:59,15.65,15.97,15.42,15.54,53,OMER
2019-10-16,15:59,19.486,19.316,19.811,19.867,1399,ON
2019-10-16,15:59,17.041,17.478,17.276,17.418,531,ONB
2019-10-16,15:59,104.23,103.63,100.251,100.8,408,ONCE
2019-10-16,15:55,5.704,5.738,5.795,5.738,414,ONCT
2019-10-16,15:58,0.49,0.48,0.49,0.49,103,ONCY
2019-10-16,15:59,0.2968,0.295,0.2862,0.2931,204,ONVO
2019-10-16,15:59,23.017,23.06,23.861,23.61,19,OPB
2019-10-16,15:59,31.86,31.47,31.54,32.559,261,OPI
2019-10-16,15:59,27.47,27.03,26.56,27.51,10,OPINI
2019-10-16,15:59,2.099,2.066,2.08,2.153,8110,OPK
2019-10-16,15:59,10.16,10.26,10.63,10.57,15,OPRA
2019-10-16,15:59,14.06,14.17,14.5,13.96,203,OPRX
2019-10-16,15:59,7.6,7.6,7.7,7.4,332,OPTN
2019-10-16,15:59,1.66,1.68,1.72,1.7,102,OPTT
2019-10-16,15:59,4.76,4.66,4.738,4.67,890,ORBC
2019-10-16,15:59,3.84,3.92,3.78,3.8,100,ORGS
2019-10-16,15:59,18.682,18.941,18.82,19.005,762,ORIT
2019-10-16,15:59,422.2,419.46,416.23,414.99,15,ORLY
2019-10-16,15:59,11.72,12.02,11.78,11.79,205,ORTX
2019-10-16,15:59,12.6,12.4,12.4,12.7,10,OSBC
2019-10-16,15:59,101.52,98.85,98.81,98.2,5,OSIS
2019-10-16,15:59,4.49,4.38,4.59,4.42,311,OSN
2019-10-16,15:58,14.614,14.819,14.98,14.962,152,OSPN
2019-10-16,15:59,11.925,11.9,11.956,11.9,212,OSTK
2019-10-16,15:59,8.575,8.432,8.662,8.583,816,OSUR
2019-10-16,15:59,15.19,15.25,15.41,15.6,209,OSW
2019-10-16,15:58,11.88,11.58,11.9,12.12,199,OTEL
2019-10-16,15:59,40.868,40.961,41.583,41.203,522,OTEX
2019-10-16,15:58,2.3,2.2,2.3,2.2,100,OTIC
2019-10-16,15:59,56,55,55,54,101,OTTR
2019-10-16,15:59,15.574,16.02,16.16,15.972,104,OXFD
2019-10-16,15:59,6.028,6.115,6.114,6.09,143,OXSQ
2019-10-16,15:59,28.6,28.479,28.632,29.65,866,OZK
2019-10-16,15:59,16.161,16.6,16.584,16.21,1414,PAAS
2019-10-16,15:58,5.56,5.67,5.45,5.54,111,PACB
2019-10-16,15:59,36.516,36.93,36.6,36.384,210,PACW
2019-10-16,15:59,22.4,22.05,22.37,22.03,1,PAHC
2019-10-16,15:59,45.85,44.81,45.97,46.77,116,PATK
2019-10-16,15:55,0.32,0.33,0.33,0.32,344,PAVMZ
2019-10-16,15:59,10.7,10.58,10.58,10.4,164,PAYS
2019-10-16,15:59,85.5,88.41,85.01,87.6,454,PAYX
2019-10-16,15:59,16.383,16.41,16.41,15.796,2838,PBCT
2019-10-16,15:59,13.038,13.512,12.936,13.408,116,PBFS
2019-10-16,15:59,3.79,3.928,3.801,3.84,101,PBPB
2019-10-16,15:59,6.994,6.893,7.001,6.98,3196,PBYI
2019-10-16,15:59,71,72.35,72.16,71.82,4382,PCAR
2019-10-16,15:59,41.44,41.63,42.37,41.42,308,PCH
2019-10-16,15:59,40,40.651,40,40.773,1691,PCRX
2019-10-16,15:59,20.39,20.97,20.3,20.32,103,PCSB
2019-10-16,15:59,102.66,102.58,103.23,102.82,84,PCTY
2019-10-16,15:59,24.65,25.084,24.29,25.02,930,PDCE
2019-10-16,15:59,17.828,17.942,17.32,17.415,1628,PDCO
2019-10-16,15:59,34.08,34.15,35.357,34.77,4134,PDD
2019-10-16,15:57,13.58,13.98,13.78,13.87,104,PDFS
2019-10-16,15:59,2.463,2.451,2.501,2.46,511,PDLI
2019-10-16,15:59,32.5,32.23,31.73,32.354,140,PEBO
2019-10-16,15:59,76.31,76.34,76.39,76.96,783,PEGA
2019-10-16,15:59,27.061,26.74,26.74,26.3,543,PEGI
2019-10-16,15:59,20.625,20.57,20.357,20.742,1012,PENN
2019-10-16,15:59,141.34,137.85,140.06,139.06,1867,PEP
2019-10-16,15:58,26.56,27.35,26.57,27.01,102,PETQ
2019-10-16,15:59,19.59,19.822,19.307,19.229,279,PETS
2019-10-16,15:59,1.7,1.75,1.69,1.7,509,PETZ
2019-10-16,15:59,52.21,51.8,52.68,54.11,70,PFBC
2019-10-16,15:59,18.19,18.23,18.39,18.24,155,PFBI
2019-10-16,15:59,38.888,38.462,38.991,38.789,10285,PFF
2019-10-16,15:59,57.45,56.7,55.85,55.6,888,PFG
2019-10-16,15:59,11.876,11.466,11.813,11.934,279,PFLT
2019-10-16,15:59,135.07,131.65,132,130.11,209,PFPT
2019-10-16,15:59,5.086,5.281,5.135,5.044,1184,PGNX
2019-10-16,15:59,4.12,4.033,3.983,4.129,257,PHAS
2019-10-16,15:59,32.51,32.64,32.59,32.6,262,PI
2019-10-16,15:59,19.053,18.845,18.954,19.005,102,PIE
2019-10-16,15:59,33.09,32.06,33.38,32.99,493,PINC
2019-10-16,15:59,3.2,3.221,3.21,3.254,345,PIRS
2019-10-16,15:59,11.793,11.367,11.439,11.879,1914,PLAB
2019-10-16,15:59,39.015,40.399,38.853,39.521,188,PLAY
2019-10-16,15:59,77.98,77.877,79.8,77.15,417,PLCE
2019-10-16,15:59,43.78,42.48,43.22,43.32,207,PLMR
2019-10-16,15:58,14.205,14.63,14.44,14.211,1047,PLSE
2019-10-16,15:59,2.939,2.843,2.883,2.861,102,PLUG
2019-10-16,15:58,76.55,76.55,77.91,77.65,101,PLUS
2019-10-16,15:59,65.9,64.609,65.088,63.62,308,PLXS
2019-10-16,15:59,7.78,7.79,7.76,7.8,100,PLYA
2019-10-16,15:59,60.13,61,58.72,60.13,389,PNFP
2019-10-16,15:59,6.35,6.088,6.219,6.33,815,PNNT
2019-10-16,15:59,144.69,144.75,144.25,139.17,4,PNRG
2019-10-16,15:59,160.48,160.58,163.17,157.71,506,PODD
2019-10-16,15:59,210.8,206.91,209.292,209.62,249,POOL
2019-10-16,15:59,96.49,92.578,96.51,94.755,124,POWI
2019-10-16,15:59,39.55,39.049,38.273,38.41,108,POWL
2019-10-16,15:59,32.022,31.298,30.834,31.84,667,PPBI
2019-10-16,15:59,30.028,29.328,29.17,29.83,360,PPC
2019-10-16,15:59,35.23,34.2,34.36,35.001,436,PRAA
2019-10-16,15:59,101.1,97.8,99.71,98.23,732,PRAH
2019-10-16,15:59,39.4,37.9,39.3,39.28,86,PRFT
2019-10-16,15:59,40.84,41.676,40.94,42.001,308,PRGS
2019-10-16,15:59,20.812,20.36,20.39,20.639,198,PRIM
2019-10-16,15:59,12.46,12.43,12.2,12.05,102,PRMW
2019-10-16,15:59,30,30.257,30.21,29.58,1363,PRNB
2019-10-16,15:59,8.1,8.1,8.1,8.2,104,PRPL
2019-10-16,15:56,2.543,2.475,2.457,2.526,19,PRPO
2019-10-16,15:58,6.5,6.638,6.449,6.37,1155,PRQR
2019-10-16,15:58,63.26,63.94,64.91,63.32,104,PRSC
2019-10-16,15:59,8.221,8.232,8.236,8.369,159,PRTA
2019-10-16,15:57,3.58,3.61,3.56,3.61,208,PRTK
2019-10-16,15:59,17.57,17.107,17.47,17.2,603,PS
2019-10-16,15:59,89.05,87.5,90.27,90.09,267,PSCT
2019-10-16,15:59,17.31,17.3,17.36,17.31,101,PSDO
2019-10-16,15:59,6.577,6.752,6.565,6.754,269,PSEC
2019-10-16,15:59,67.06,66.9,66.42,68.15,501,PSMT
2019-10-16,15:58,12.61,12.52,12.03,12.23,58,PSNL
2019-10-16,15:57,2.7,2.7,2.7,2.6,158,PSTV
2019-10-16,15:59,66.74,65.22,64.88,67.75,284,PTC
2019-10-16,15:59,37.3,36.22,37.09,36.22,208,PTCT
2019-10-16,15:59,8.1,8.05,8.2,7.92,2924,PTEN
2019-10-16,15:57,12.37,12.5,12.24,11.95,103,PTGX
2019-10-16,15:59,28.74,28.72,28.13,28.54,634,PTLA
2019-10-16,15:56,29.821,29.767,29.198,29.793,15,PUB
2019-10-16,15:59,27.3,27.49,27.75,27.87,105,PVAC
2019-10-16,15:58,22.6,22.82,22.87,23.2,10,PVBC
2019-10-16,15:59,3.942,4.072,4.011,3.952,213,PXLW
2019-10-16,15:59,107.2,103.64,106,108.171,1378,PYPL
2019-10-16,15:59,55.51,56.293,55.46,55.593,679,PZZA
2019-10-16,15:59,78.6,79.41,81.18,80.7,4514,QCOM
2019-10-16,15:59,39.2,38.41,39.59,38.8,101,QCRH
2019-10-16,15:59,61.56,61.93,59.92,61.39,199,QDEL
2019-10-16,15:59,18.75,18.82,18.48,18.96,87,QIWI
2019-10-16,15:59,79.72,82,80.9,78.92,107,QLYS
2019-10-16,15:59,12.92,12.97,13.238,13.028,433,QNST
2019-10-16,15:59,197.05,195,198.15,193.11,9320,QQQ
2019-10-16,15:59,22.54,23.08,23.5,23.1,103,QQQX
2019-10-16,15:59,10.05,9.784,9.89,10.019,9968,QRTEA
2019-10-16,15:59,79.19,79.599,79.85,79.88,1220,QRVO
2019-10-16,15:59,92.45,91.23,92.83,89.45,40,QTEC
2019-10-16,15:59,8.161,8.011,7.86,8.114,237,QTNT
2019-10-16,15:59,22.19,22.77,22.24,22.93,303,QTRX
2019-10-16,15:59,3.51,3.48,3.41,3.47,306,QTT
2019-10-16,15:59,44.575,44.586,45.098,44.326,436,QURE
2019-10-16,15:59,5.716,5.655,5.688,5.55,574,RADA
2019-10-16,15:59,4.551,4.548,4.501,4.588,104,RAIL
2019-10-16,15:59,45.21,45.18,44.69,45.32,215,RARE
2019-10-16,15:59,48.58,48.62,46.68,48,2715,RARX
2019-10-16,15:55,33.05,34.24,33.77,34.43,1,RAVN
2019-10-16,15:59,5.763,5.67,5.68,5.624,291,RBBN
2019-10-16,15:56,43.5,44.3,45.54,45.02,101,RBCAA
2019-10-16,15:59,1.302,1.34,1.357,1.328,314,RBZ
2019-10-16,15:59,26.94,27.48,26.689,26.73,616,RCII
2019-10-16,15:59,13.233,13.248,13.262,13.131,102,RCKT
2019-10-16,15:59,9.814,10.2,10,9.888,329,RCM
2019-10-16,15:59,17.9,18.23,18.29,18.2,1467,RDFN
2019-10-16,15:59,15.021,15.237,15.11,14.81,116,RDNT
2019-10-16,15:59,27.748,27.26,27.43,27.901,359,RDUS
2019-10-16,15:57,24.123,23.484,23.726,23.672,104,RDWR
2019-10-16,15:59,22.2,22.03,22.11,22.81,243,REAL
2019-10-16,15:59,14.39,14.15,14.32,13.983,32,RECN
2019-10-16,15:59,2.98,3.006,3.08,3.003,50,REFR
2019-10-16,15:59,71.57,71.055,71.3,70.03,2251,REG
2019-10-16,15:59,15.019,15.06,15.34,15.377,1577,REGI
2019-10-16,15:59,312.52,304.6,310.34,311.36,300,REGN
2019-10-16,15:59,11.81,11.84,12.168,12.2,144,REPH
2019-10-16,15:58,14.85,14.6,14.5,14.5,112,REPL
2019-10-16,15:59,172.9,168.83,172.18,168.76,316,RETA
2019-10-16,15:59,79.75,78.26,80.96,78.15,204,RGEN
2019-10-16,15:58,121.09,118.36,122.21,120.38,206,RGLD
2019-10-16,15:56,0.7,0.7,0.7,0.7,104,RGLS
2019-10-16,15:58,39,38.64,38.95,39.54,326,RGNX
2019-10-16,15:59,19.55,19.74,19.67,19.62,78,RICK
2019-10-16,15:59,1.687,1.656,1.69,1.652,2402,RIGL
2019-10-16,15:59,24.46,24.2,24.26,24.34,8,RILY
2019-10-16,15:59,1.771,1.718,1.789,1.738,52,RIOT
2019-10-16,15:59,14.324,14.136,14.348,14.223,254,RMBI
2019-10-16,15:59,14.157,14.2,14.2,13.802,1180,RMBS
2019-10-16,15:59,9.693,9.458,9.549,9.501,1,RMCF
2019-10-16,15:58,45.7,44.84,44.921,45.1,206,RMR
2019-10-16,15:59,2.478,2.408,2.406,2.427,100,RMTI
2019-10-16,15:57,36.94,37.049,37.05,35.628,731,RNST
2019-10-16,15:59,16.755,16.676,16.757,16.747,332,ROAD
2019-10-16,15:59,45.68,45.04,46.23,45.67,114,ROCK
2019-10-16,15:59,18.597,18.949,18.491,19.27,1112,ROIC
2019-10-16,15:59,138.2,138.21,133.67,133.8,4576,ROKU
2019-10-16,15:58,166.95,167.25,163.44,161.43,206,ROLL
2019-10-16,15:59,113.09,116.1,116.09,116.19,2988,ROST
2019-10-16,15:59,61.8,61.759,61.65,62.79,312,RP
2019-10-16,15:59,14.32,14.44,14.14,14.29,122,RPAY
2019-10-16,15:59,51,50,49.7,50.1,100,RPD
2019-10-16,15:59,31.86,32.644,31.6,33.111,114,RRGB
2019-10-16,15:59,21.14,21.18,21.198,21.31,405,RRR
2019-10-16,15:59,2.708,2.688,2.74,2.763,301,RTIX
2019-10-16,15:59,15.55,15.28,15.68,15.4,90,RTLR
2019-10-16,15:59,11.845,11.43,11.78,11.452,612,RTRX
2019-10-16,15:59,9.56,9.5,9.31,9.53,206,RUBY
2019-10-16,15:59,4.876,4.839,4.958,4.974,6,RUHN
2019-10-16,15:59,17.475,16.963,17.06,17.503,488,RUN
2019-10-16,15:59,40.55,39.07,39.51,39.9,121,RUSHA
2019-10-16,15:59,19.7,20.18,20.402,19.55,149,RUTH
2019-10-16,15:59,14.998,15.261,14.825,14.894,382,RVNC
2019-10-16,15:59,7.6,7.56,7.37,7.26,544,RVSB
2019-10-16,15:58,74.78,75.53,75.21,75.23,3,RYAAY
2019-10-16,15:59,20.69,20.4,21.46,21.06,1116,RYTM
2019-10-16,15:59,21.478,21.477,22.052,22.32,4957,SABR
2019-10-16,15:59,151.835,146.46,152.43,148.411,142,SAFM
2019-10-16,15:59,101.506,98.848,99.058,99.448,19,SAFT
2019-10-16,15:59,145.97,141.55,147.91,140.94,302,SAGE
2019-10-16,15:59,98.6,95.972,99.902,100.2,763,SAIA
2019-10-16,15:59,31.03,31.977,31.36,32.478,109,SANM
2019-10-16,15:56,34.9,33.92,33.77,34.26,204,SASR
2019-10-16,15:59,36.92,38.14,37.68,37.8,314,SATS
2019-10-16,15:58,0.4992,0.5079,0.5161,0.504,70,SAUC
2019-10-16,15:59,234.87,237.65,238.882,236.69,645,SBAC
2019-10-16,15:59,2.072,2.114,2.027,2.045,45,SBBP
2019-10-16,15:59,25.53,25.675,26.32,25.698,126,SBCF
2019-10-16,15:59,41.7,41.5,42.1,42.7,209,SBGI
2019-10-16,15:59,11.386,11.021,11.263,10.982,261,SBLK
2019-10-16,15:59,121.66,118.893,120.335,119.03,516,SBNY
2019-10-16,15:59,24.05,23.607,23.69,23.19,3275,SBRA
2019-10-16,15:59,35.802,34.879,35.399,35.829,206,SBSI
2019-10-16,15:59,10.01,10.2,10.03,10.25,3,SBT
2019-10-16,15:59,88.78,88.4,88.471,87.311,1157,SBUX
2019-10-16,15:58,37.986,38.067,39.314,38.78,105,SCHL
2019-10-16,15:59,20.57,20.39,20.64,20.72,106,SCHN
2019-10-16,15:58,1.916,1.966,1.914,1.891,103,SCOR
2019-10-16,15:59,9.322,9.533,9.5,9.55,2973,SCPL
2019-10-16,15:59,30.7,31.5,31.2,30.9,104,SCSC
2019-10-16,15:59,34.8,34.8,34.18,33.8,28,SCVL
2019-10-16,15:59,12.413,12.21,12.547,12.586,20,SCWX
2019-10-16,15:59,59.943,59.247,60.031,60.41,246,SCZ
2019-10-16,15:59,10.397,10.09,10.17,10.454,735,SDC
2019-10-16,15:58,3.12,3.14,3.13,3.11,100,SEAC
2019-10-16,15:59,86.74,84.51,85.91,84.14,946,SEDG
2019-10-16,15:59,60.4,59.18,59.42,60,1038,SEIC
2019-10-16,15:59,7.23,7.52,7.18,7.19,100,SES
2019-10-16,15:59,1.241,1.241,1.218,1.237,131,SESN
2019-10-16,15:59,33.92,33.24,33.77,34.7,49,SFBS
2019-10-16,15:59,21.87,22.458,22.13,21.89,1033,SFIX
2019-10-16,15:59,18.396,18.74,18.641,19.06,942,SFM
2019-10-16,15:59,24.736,23.643,24.011,24.64,128,SFNC
2019-10-16,15:59,85.19,86.8,87.57,86.375,1237,SGEN
2019-10-16,15:57,28.76,28.61,29.82,29.91,102,SGH
2019-10-16,15:59,8.745,8.4,8.63,8.608,1359,SGMO
2019-10-16,15:59,24.138,24.826,24.664,25.174,307,SGMS
2019-10-16,15:59,1.053,1.083,1.056,1.072,27,SGRP
2019-10-16,15:59,7.67,7.712,7.626,7.78,143,SGRY
2019-10-16,15:59,16.03,15.79,15.77,16.14,104,SHBI
2019-10-16,15:59,30.676,31.261,30.952,30.462,213,SHEN
2019-10-16,15:57,0.62,0.62,0.62,0.61,92,SHIP
2019-10-16,15:57,3.91,3.93,3.9,4.02,305,SHLO
2019-10-16,15:59,37.57,37.63,36.51,36.96,104,SHOO
2019-10-16,15:59,111.3,111,113.8,115.5,119,SHV
2019-10-16,15:59,16.02,16.11,16.5,16.45,79,SIBN
2019-10-16,15:59,6.454,6.283,6.439,6.255,531,SIEN
2019-10-16,15:59,5.4,5.4,5.5,5.3,6,SIGA
2019-10-16,15:59,76.83,77.28,76.56,75.42,524,SIGI
2019-10-16,15:58,34.46,34.1,34.74,34.9,114,SILK
2019-10-16,15:59,39.832,38.4,38.8,38.791,202,SIMO
2019-10-16,15:59,43.35,42.23,41.64,42.35,147,SINA
2019-10-16,15:59,6.555,6.53,6.64,6.45,11698,SIRI
2019-10-16,15:59,205.59,208.81,214.45,207.89,421,SIVB
2019-10-16,15:59,57.095,58.61,58.125,58.88,518,SKYW
2019-10-16,15:59,57.651,57.729,59.405,58.772,104,SKYY
2019-10-16,15:59,111.9,111.3,112.24,112.13,691,SLAB
2019-10-16,15:59,12.576,13,12,12.05,511,SLDB
2019-10-16,15:58,30.56,30.55,30.81,30.2,307,SLGN
2019-10-16,15:59,8.869,8.89,9.02,8.94,1141,SLM
2019-10-16,15:58,35.29,35.5,35.16,34.9,515,SLP
2019-10-16,15:59,20.6,20.4,20.5,20.6,210,SLRC
2019-10-16,15:56,0.1338,0.1332,0.1284,0.1336,204,SLS
2019-10-16,15:59,20.771,20.5,21.26,21.097,209,SMBK
2019-10-16,15:59,25.67,24.748,25.66,25.575,104,SMPL
2019-10-16,15:55,6.374,6.334,6.308,6.292,41,SMSI
2019-10-16,15:59,49.17,50.23,49.26,49.21,301,SMTC
2019-10-16,15:59,2.25,2.24,2.31,2.21,104,SMTX
2019-10-16,15:59,47.71,48.18,48.33,46.92,2385,SNBR
2019-10-16,15:58,6.003,6.116,6.089,5.933,205,SNCR
2019-10-16,15:59,2.567,2.523,2.545,2.568,104,SND
2019-10-16,15:58,4.3,4.2,4.3,4.3,100,SNDL
2019-10-16,15:59,7.086,7.068,6.987,6.876,356,SNDX
2019-10-16,15:59,9.332,9.463,9.633,9.417,808,SNH
2019-10-16,15:57,25.386,25.529,24.863,25.402,103,SNHNI
2019-10-16,15:59,18.019,17.588,17.389,17.312,17,SNLN
2019-10-16,15:59,0.1835,0.1789,0.1787,0.1816,624,SNNA
2019-10-16,15:59,144.05,142.66,142.36,145.43,594,SNPS
2019-10-16,15:59,0.6,0.6,0.61,0.59,104,SNSS
2019-10-16,15:59,47.586,46.58,46.864,45.965,277,SNY
2019-10-16,15:59,10.688,10.335,10.519,10.38,57,SOHU
2019-10-16,15:59,1.85,1.83,1.88,1.86,17,SOLO
2019-10-16,15:59,6.204,6.24,6.122,6.121,545,SONG
2019-10-16,15:57,3.12,3.19,3.11,3.13,105,SONM
2019-10-16,15:59,13.575,13.396,13.663,13.589,710,SONO
2019-10-16,15:59,220.62,219.68,224.81,223.23,115,SOXX
2019-10-16,15:59,38.89,38.5,38.99,39.55,105,SP
2019-10-16,15:59,15.1,14.94,14.85,14.97,1115,SPAR
2019-10-16,15:59,9.9,10.1,9.9,9.9,1,SPKE
2019-10-16,15:59,113.62,115.103,119.1,113.962,758,SPLK
2019-10-16,15:59,11.02,11.22,11.13,10.85,76,SPNE
2019-10-16,15:55,20.65,20.62,19.84,20.23,101,SPNS
2019-10-16,15:59,11.58,11.91,11.66,11.82,3,SPOK
2019-10-16,15:59,8.1,8.149,8.3,8.202,6895,SPPI
2019-10-16,15:59,10.9,11,11.1,10.8,101,SPRO
2019-10-16,15:57,49.9,48.4,49.9,49,143,SPSC
2019-10-16,15:59,12.68,12.692,12.99,12.556,391,SPTN
2019-10-16,15:59,6.389,6.29,6.5,6.4,2347,SPWH
2019-10-16,15:59,9.28,9.571,9.32,9.39,2187,SPWR
2019-10-16,15:59,0.381,0.3761,0.3832,0.367,3223,SQBG
2019-10-16,15:59,30.74,30.6,30.38,30.75,284,SQQQ
2019-10-16,15:59,2.1,2.06,2.07,2.04,101,SRAX
2019-10-16,15:59,47.2,47.395,48.367,46.3,203,SRCE
2019-10-16,15:59,52.396,52.19,54.349,53.09,410,SRCL
2019-10-16,15:59,47.37,46.69,45.91,47.55,101,SRDX
2019-10-16,15:59,1.776,1.773,1.777,1.753,1574,SRNE
2019-10-16,15:59,90.15,88.78,87.74,87.48,1022,SRPT
2019-10-16,15:58,0.3106,0.3164,0.3118,0.3157,102,SRRA
2019-10-16,15:59,76.4,78.319,78.69,77.48,845,SSB
2019-10-16,15:59,52.355,50.256,51.626,51.915,115,SSNC
2019-10-16,15:59,13.44,13.54,13.39,13.73,367,SSP
2019-10-16,15:59,14.857,14.872,14.45,14.73,1235,SSRM
2019-10-16,15:59,19.05,19.17,19.42,18.88,39,SSTI
2019-10-16,15:59,21.62,21.24,21.11,21.07,566,SSYS
2019-10-16,15:59,27.473,27.424,27.45,27.386,103,STAA
2019-10-16,15:59,15,14.689,15.192,14.711,1770,STAY
2019-10-16,15:59,37.111,36.455,36.752,37.675,34,STBA
2019-10-16,15:59,33.64,34.22,33.65,32.86,17,STFC
2019-10-16,15:58,9.13,9.11,9.19,9.12,105,STIM
2019-10-16,15:59,1.366,1.416,1.376,1.432,104,STKL
2019-10-16,15:59,28.958,29.93,30.068,30.01,1053,STLD
2019-10-16,15:59,9.47,9.349,9.184,9.34,155,STML
2019-10-16,15:59,77.59,76.21,78.22,78.61,66,STMP
2019-10-16,15:59,34.92,34.93,34.71,34.52,99,STNE
2019-10-16,15:59,23.19,22.34,22.41,23.34,105,STOK
2019-10-16,15:59,136.25,136.2,133.12,134.49,344,STRA
2019-10-16,15:59,16.156,16.067,16.243,15.966,294,STRL
2019-10-16,15:58,9.861,9.66,9.514,9.55,100,STRO
2019-10-16,15:58,9.628,9.604,9.744,9.682,105,STSA
2019-10-16,15:59,56.392,57.566,56.094,55.35,114,STX
2019-10-16,15:56,22.4,22.1,21.7,21.5,121,STXB
2019-10-16,15:59,26.718,26.504,26.189,26.516,4,SUPN
2019-10-16,15:59,19.2,18.97,18.75,18.5,393,SVMK
2019-10-16,15:58,32.64,32.73,32.65,32.83,58,SWAV
2019-10-16,15:57,11.115,10.706,11.1,11.151,101,SWIR
2019-10-16,15:59,88.92,85.8,87.94,89.7,567,SWKS
2019-10-16,15:58,19.89,20.359,20.3,19.976,444,SWTX
2019-10-16,15:59,8.96,9.07,8.82,8.81,103,SY
2019-10-16,15:57,30.334,31.387,31.059,30.118,202,SYKE
2019-10-16,15:59,23.88,23.555,24.35,24.56,3870,SYMC
2019-10-16,15:59,42.63,41.819,41.422,41.41,1001,SYNA
2019-10-16,15:59,55.38,57.04,55.69,57.07,103,SYNH
2019-10-16,15:57,10.298,10.544,10.495,10.399,39,SYRS
2019-10-16,15:59,9.675,9.717,9.71,9.478,2005,TACO
2019-10-16,15:59,7.34,7.304,7.233,7.207,303,TAST
2019-10-16,15:59,10.44,10.197,10,10.46,571,TBBK
2019-10-16,15:59,32.66,31.75,32.61,31.81,206,TBK
2019-10-16,15:59,17.59,17.237,17,17.39,732,TBPH
2019-10-16,15:59,56.48,56.13,54.38,55.81,110,TCBI
2019-10-16,15:59,36.222,37.05,36.69,35.859,172,TCBK
2019-10-16,15:59,37.8,37.57,37.32,37.11,429,TCF
2019-10-16,15:59,48.12,48.55,46.88,48.86,4,TCMD
2019-10-16,15:59,13.828,13.925,13.685,13.502,628,TCPC
2019-10-16,15:59,6.991,6.941,7.104,7.031,5,TCRD
2019-10-16,15:58,55.42,55.1,55.81,56.773,87,TCX
2019-10-16,15:59,126.92,126.28,130.27,129.2,358,TEAM
2019-10-16,15:59,127.98,128.4,128.38,129.25,510,TECD
2019-10-16,15:59,210.993,207.21,203.37,211.826,208,TECH
2019-10-16,15:59,8.258,8.463,8.322,8.325,2040,TELL
2019-10-16,15:59,22,22.81,22.89,22.3,551,TENB
2019-10-16,15:59,60.88,63.114,62.81,60.66,2392,TER
2019-10-16,15:59,16.91,17.673,17.149,17.67,987,TERP
2019-10-16,15:56,15.5,15.4,15.18,15.19,9,TESS
2019-10-16,15:59,1.02,1.06,1.067,1.07,598,TEUM
2019-10-16,15:59,19.195,19.189,18.901,18.926,47,TFSL
2019-10-16,15:59,5.358,5.359,5.509,5.407,2986,TGTX
2019-10-16,15:59,6.319,6.315,6.162,6.352,104,TH
2019-10-16,15:58,10.574,10.332,10.464,10.281,201,THBRU
2019-10-16,15:58,42.95,42.669,42.356,43.19,197,THFF
2019-10-16,15:55,12.74,12.36,12.58,12.27,101,THOR
2019-10-16,15:57,43.375,42.707,44.103,42.092,300,THRM
2019-10-16,15:59,14.9,14.78,14.63,15.25,205,TILE
2019-10-16,15:58,16.17,16.713,16.098,16.339,9,TITN
2019-10-16,15:59,8.218,8.447,8.474,8.368,851,TIVO
2019-10-16,15:59,0.72,0.7,0.71,0.71,101,TLGT
2019-10-16,15:59,37.745,38,37.157,36,203,TLND
2019-10-16,15:59,22.13,22,22.19,21.82,650,TLRY
2019-10-16,15:59,140.91,140.625,141.881,141.3,223,TLT
2019-10-16,15:59,0.5273,0.531,0.5447,0.5477,500,TMDI
2019-10-16,15:59,83,80.83,81.54,81.46,1241,TMUS
2019-10-16,15:56,4.698,4.644,4.644,4.746,104,TNAV
2019-10-16,15:59,61.22,60.43,60.12,59.839,420,TNDM
2019-10-16,15:58,0.47,0.4573,0.4689,0.4775,103,TNXP
2019-10-16,15:59,4.36,4.23,4.32,4.26,39,TOPS
2019-10-16,15:57,7.19,7.24,7.28,7.1,71,TORC
2019-10-16,15:59,3.21,3.31,3.31,3.29,312,TOUR
2019-10-16,15:59,27.857,27.839,28.6,28.463,104,TOWN
2019-10-16,15:59,19.124,19.13,19.01,19.57,207,TPIC
2019-10-16,15:59,37.04,38.15,37.21,38.76,19,TPTX
2019-10-16,15:59,68.5,66.49,65.7,67.27,376,TQQQ
2019-10-16,15:59,323.63,320.71,319.63,309.04,223,TREE
2019-10-16,15:59,52.74,52.52,53.64,51.6,772,TRHC
2019-10-16,15:58,0.8408,0.8534,0.8586,0.8631,397,TRIB
2019-10-16,15:59,39.36,39.49,39.67,40.14,936,TRIP
2019-10-16,15:59,40.22,41.037,41.261,40.54,2774,TRMB
2019-10-16,15:59,34.49,35.01,35.55,35.74,104,TRMK
2019-10-16,15:59,114.05,116.1,114.01,112.02,618,TROW
2019-10-16,15:55,30.59,31.03,30.53,29.92,100,TRS
2019-10-16,15:59,8.31,8.4,8.43,8.08,770,TRST
2019-10-16,15:59,3.298,3.264,3.405,3.34,104,TRUE
2019-10-16,15:58,23.51,23.408,23.34,23.374,419,TRUP
2019-10-16,15:58,3.747,3.855,3.722,3.846,3,TRVG
2019-10-16,15:59,21.76,22.56,22.36,22.44,548,TSC
2019-10-16,15:59,97.52,97.166,96.566,95.5,615,TSCO
2019-10-16,15:59,22.524,22.763,22.816,21.878,39,TSEM
2019-10-16,15:59,20.65,20.202,20.898,20.061,529,TSG
2019-10-16,15:59,272.3,260.26,262.49,262.76,2147,TSLA
2019-10-16,15:59,202.06,196.89,199.834,201.81,698,TTD
2019-10-16,15:59,47,46.64,46.246,47,149,TTEC
2019-10-16,15:59,88.32,85.251,86.78,86.528,214,TTEK
2019-10-16,15:59,24.08,24,23.51,23.279,524,TTGT
2019-10-16,15:59,12.463,12.59,12.853,12.41,209,TTMI
2019-10-16,15:57,0.186,0.183,0.184,0.188,1615,TTNP
2019-10-16,15:59,2.699,2.76,2.77,2.702,525,TTOO
2019-10-16,15:59,3.138,3.097,3.091,3.178,409,TTS
2019-10-16,15:59,126.77,123.128,124.352,124.443,464,TTWO
2019-10-16,15:59,1.45,1.41,1.43,1.4,101,TUES
2019-10-16,15:59,23.811,23.6,24.2,23.151,306,TUR
2019-10-16,15:59,2.156,2.124,2.127,2.066,1475,TUSK
2019-10-16,15:59,11.37,11.022,11.415,10.99,756,TVIX
2019-10-16,15:59,17.288,17.14,16.721,16.55,1098,TVTY
2019-10-16,15:59,42.3,43.61,43.2,42.81,324,TW
2019-10-16,15:59,13.482,13.5,13.63,13.41,1473,TWNK
2019-10-16,15:59,17.277,17.888,17.693,18.113,103,TWOU
2019-10-16,15:59,24.7,24.7,24.9,25.6,103,TWST
2019-10-16,15:59,52.01,51.98,53.129,53.28,418,TXG
2019-10-16,15:59,3.721,3.875,3.832,3.824,2821,TXMD
2019-10-16,15:59,135.8,135.74,131.7,132.9,4740,TXN
2019-10-16,15:59,51.07,51.06,49.58,48.91,921,TXRH
2019-10-16,15:59,89.74,93.92,92.78,90.74,2524,UAL
2019-10-16,15:59,14.351,13.801,14.226,14.246,107,UBNK
2019-10-16,15:59,39.72,38.35,38.858,38.96,238,UBSI
2019-10-16,15:59,7.261,7.561,7.341,7.463,105,UBX
2019-10-16,15:59,29.52,29.3,29.27,29.1,725,UCBI
2019-10-16,15:59,10.889,10.788,10.745,10.733,358,UCFC
2019-10-16,15:59,16.106,15.679,16.208,15.69,315,UCTT
2019-10-16,15:55,54.554,54.306,53.287,54.285,102,UEIC
2019-10-16,15:59,3.183,3.173,3.179,3.221,416,UEPS
2019-10-16,15:59,48.722,48.15,47.041,47.42,11,UFCS
2019-10-16,15:59,41.9,41,42.3,41.1,92,UFPI
2019-10-16,15:58,141.55,138.65,141.71,139.45,17,UGLD
2019-10-16,15:59,400.71,403.15,394.29,409.58,7,UHAL
2019-10-16,15:59,13.448,13.342,13.029,13.483,103,UIHC
2019-10-16,15:58,25.44,25.4,25.29,25.2,268,ULH
2019-10-16,15:59,253.37,252.867,253.3,248.65,219,ULTA
2019-10-16,15:59,66.261,66.74,66.7,65.05,208,UMBF
2019-10-16,15:59,16.2,16.68,16.76,16.42,11241,UMPQ
2019-10-16,15:59,8.002,8.12,8.075,8.2,1483,UNIT
2019-10-16,15:59,40.23,40.1,40.94,41.66,714,UPLD
2019-10-16,15:59,14.74,15,14.89,14.47,103,UPWK
2019-10-16,15:59,27.15,27.18,27.7,28.428,1231,URBN
2019-10-16,15:58,22.594,22.937,22.749,22.201,16,URGN
2019-10-16,15:59,7.99,8.28,8.06,8.13,315,USAK
2019-10-16,15:59,50.8,52.255,51.56,50.92,493,USCR
2019-10-16,15:59,84.65,84.3,83.47,82.334,409,UTHR
2019-10-16,15:59,25.16,25.26,25.37,25.34,301,UVSP
2019-10-16,15:59,2.737,2.754,2.738,2.723,70,UXIN
2019-10-16,15:59,24.49,24.503,25.003,24.65,311,VBTX
2019-10-16,15:58,84.835,84.238,84.943,84.233,104,VC
2019-10-16,15:58,15.652,15.93,15.83,15.641,629,VCEL
2019-10-16,15:58,94.64,94.28,92.29,91.36,107,VCIT
2019-10-16,15:57,104.03,101.71,101.48,104.49,102,VCLT
2019-10-16,15:59,15.92,15.79,15.8,15.71,98,VCTR
2019-10-16,15:59,25.327,25.153,25.367,25.14,509,VCYT
2019-10-16,15:59,12.4,12.28,12.074,12.4,283,VECO
2019-10-16,15:59,2.5,2.454,2.4,2.388,1672,VEON
2019-10-16,15:59,6.96,6.83,6.76,6.78,20,VFF
2019-10-16,15:59,68.6,67.2,67.4,69.6,104,VGIT
2019-10-16,15:55,89.228,86.355,86.512,87.49,8,VGLT
2019-10-16,15:55,26.5,26.7,26.4,26.1,104,VIA
2019-10-16,15:59,23.194,23.437,23.458,22.97,3020,VIAB
2019-10-16,15:59,15.209,15.325,15.328,14.79,2090,VIAV
2019-10-16,15:59,32.47,32.03,32.615,31.715,155,VICR
2019-10-16,15:59,17.21,16.766,16.93,17.137,1047,VIRT
2019-10-16,15:59,5.26,5.31,5.35,5.39,8,VIVE
2019-10-16,15:59,10.02,9.961,10.077,10.34,210,VIVO
2019-10-16,15:59,6.755,6.817,6.777,6.63,1366,VKTX
2019-10-16,15:59,11.499,11.372,11.562,11.446,522,VLY
2019-10-16,15:59,53.561,53.588,54.677,54.251,638,VMBS
2019-10-16,15:59,14.03,13.6,13.9,13.73,730,VNDA
2019-10-16,15:59,8.7,8.91,8.92,8.64,412,VNET
2019-10-16,15:59,27.05,27.4,26.8,27.14,310,VNOM
2019-10-16,15:59,21.367,20.616,20.832,21.149,1727,VOD
2019-10-16,15:59,168.3,171.1,168.2,173.4,102,VONG
2019-10-16,15:56,116.91,115.17,112.04,112.61,50,VONV
2019-10-16,15:59,10.067,10.403,10.398,9.993,145,VRA
2019-10-16,15:59,2.569,2.61,2.63,2.57,230,VRAY
2019-10-16,15:58,29.23,29.74,29.15,29.88,102,VREX
2019-10-16,15:59,64.34,65,65,64.75,401,VRNS
2019-10-16,15:59,44.97,45.86,44.09,44.84,569,VRNT
2019-10-16,15:59,14.605,14.61,14.643,14.441,1899,VRRM
2019-10-16,15:59,157.78,161.29,157.52,160.87,268,VRSK
2019-10-16,15:59,189.76,186.743,191.556,186.907,109,VRSN
2019-10-16,15:59,100.39,103.193,101.34,100.94,458,VRTS
2019-10-16,15:59,177.65,183.9,180.47,176.7,1412,VRTX
2019-10-16,15:59,71.63,72.3,74.99,74.814,39,VSAT
2019-10-16,15:59,34.23,34,35,34.78,7,VSEC
2019-10-16,15:59,1.1,1.124,1.123,1.125,377,VTNR
2019-10-16,15:59,2.38,2.286,2.39,2.33,125,VUZI
2019-10-16,15:59,81.8,80.9,80.8,80.7,4,VWOB
2019-10-16,15:55,52.63,53.51,55.06,54.36,158,VXUS
2019-10-16,15:59,15.844,15.714,15.934,15.804,214,VYGR
2019-10-16,15:56,63.59,65.074,65.31,64.957,41,WABC
2019-10-16,15:59,36.47,37.26,36.58,37.522,200,WAFD
2019-10-16,15:57,48.809,49.893,49.863,49.329,103,WASH
2019-10-16,15:59,3.438,3.5,3.45,3.435,252,WATT
2019-10-16,15:59,51.16,51.159,53.54,51.059,607,WB
2019-10-16,15:59,56.67,54.97,55.5,57.05,829,WBA
2019-10-16,15:59,168.173,166.99,166.76,162.2,3503,WDAY
2019-10-16,15:59,60.508,61.098,60.2,60.769,407,WDC
2019-10-16,15:59,189.197,182.11,188.11,181.736,186,WDFC
2019-10-16,15:59,22.145,21.657,22.115,21.669,2004,WEN
2019-10-16,15:59,37.05,36.272,37.128,37.08,802,WERN
2019-10-16,15:59,4.843,5.048,4.981,4.874,1010,WETF
2019-10-16,15:59,9.67,9.807,9.65,9.79,199,WIFI
2019-10-16,15:59,90.79,92.82,92.99,92.908,415,WING
2019-10-16,15:58,58.822,57.641,59.282,59.47,104,WIRE
2019-10-16,15:59,126.72,123.66,127.7,125.23,697,WIX
2019-10-16,15:59,3.77,3.74,3.76,3.78,16,WKHS
2019-10-16,15:59,35.62,36.109,36.77,35.732,87,WLDN
2019-10-16,15:59,197.02,194.22,190.259,191.36,7167,WLTW
2019-10-16,15:59,20.911,20.985,20.864,21.22,1776,WMGI
2019-10-16,15:59,9.54,9.75,9.82,9.62,278,WNEB
2019-10-16,15:59,2.644,2.626,2.537,2.59,340,WPRT
2019-10-16,15:58,123.3,121.6,127.4,127.4,4,WRLD
2019-10-16,15:59,39.669,38.81,39,38.25,405,WSBC
2019-10-16,15:59,17.69,17.66,17.71,17.35,55,WSBF
2019-10-16,15:59,15.82,15.716,16.053,16.397,313,WSC
2019-10-16,15:58,44.68,45.33,44.52,43.88,105,WSFS
2019-10-16,15:57,3.945,3.903,3.99,3.903,8,WSG
2019-10-16,15:59,66.47,67.03,67.5,66.69,10,WTFC
2019-10-16,15:59,27.643,28.813,28.511,28.797,103,WTRE
2019-10-16,15:59,1.138,1.13,1.12,1.13,209,WTRH
2019-10-16,15:59,21.99,21.65,21.24,21.59,302,WVE
2019-10-16,15:59,38.3,36.8,38.04,38.2,722,WW
2019-10-16,15:59,108.62,109.89,110.42,108.7,684,WWD
2019-10-16,15:59,3.87,3.83,3.83,4.02,67,WWR
2019-10-16,15:59,116.5,118.17,118.55,116.75,1069,WYNN
2019-10-16,15:56,1.38,1.4,1.37,1.38,37,XBIO
2019-10-16,15:59,64.52,63.791,65.554,65.802,1235,XEL
2019-10-16,15:55,1.61,1.57,1.6,1.6,104,XELB
2019-10-16,15:59,8.82,9.18,9.027,9.04,208,XENE
2019-10-16,15:59,17.488,17.748,17.393,17.233,616,XENT
2019-10-16,15:59,95.5,97.73,95.33,95.8,1513,XLNX
2019-10-16,15:59,41.8,41.79,43.76,43.5,124,XLRN
2019-10-16,15:59,37.64,37.204,36.9,36.581,203,XNCR
2019-10-16,15:58,2.431,2.395,2.36,2.37,101,XNET
2019-10-16,15:59,2.6,2.573,2.572,2.6,3461,XOG
2019-10-16,15:59,5.626,5.706,5.884,5.812,1507,XON
2019-10-16,15:59,21.343,20.56,20.87,20.62,10,XPER
2019-10-16,15:59,55.19,54.39,54.3,55.12,1571,XRAY
2019-10-16,15:59,25.554,25.425,26.219,25.707,97,YMAB
2019-10-16,15:59,30.802,31.112,30.7,31.46,7109,YNDX
2019-10-16,15:59,4.09,4.22,4.202,4.16,1017,YRCW
2019-10-16,15:59,61.95,61.42,62.56,59.69,310,YY
2019-10-16,15:59,32.38,31.462,31.456,32.21,1283,Z
2019-10-16,15:59,6.52,6.424,6.467,6.528,547,ZAGG
2019-10-16,15:59,198.87,205.59,201.92,200.42,118,ZBRA
2019-10-16,15:58,16.24,15.93,15.84,16.01,209,ZEUS
2019-10-16,15:59,0.7943,0.7968,0.7711,0.7664,133,ZFGN
2019-10-16,15:59,31.12,31.35,31.78,31.06,251,ZG
2019-10-16,15:59,44.1,44.4,44.81,43.62,343,ZGNX
2019-10-16,15:59,45.25,45.49,45.881,46.074,2184,ZION
2019-10-16,15:59,4.039,4.136,4.209,4.082,391,ZIOP
2019-10-16,15:59,6.87,6.747,6.709,6.84,305,ZIXI
2019-10-16,15:59,34.41,33.681,34.11,34.675,234,ZLAB
2019-10-16,15:59,70.01,70.8,69.66,70.44,3248,ZM
2019-10-16,15:57,0.2332,0.2338,0.2415,0.2432,105,ZN
2019-10-16,15:59,6.27,6.238,6.255,6.318,12146,ZNGA
2019-10-16,15:59,47.51,46.82,47.66,46.98,919,ZS
2019-10-16,15:59,32.77,32.22,33.36,32.68,106,ZUMZ
2019-10-16,15:59,1.508,1.523,1.562,1.507,310,ZVO
2019-10-16,15:58,8.31,7.98,8.04,8.13,1,ZYNE
2019-10-16,15:59,11.5,11.3,11.4,11.4,102,ZYXI
